year,country,motor_energy,engine,cars,cars_normalized,population,pop_normalized,ratio
1990-01-01,Belgium,Total,Total,3864000.0,100.0,9947782.0,100.0,38.8
1990-01-01,Bulgaria,Total,Total,1317000.0,100.0,8767308.0,100.0,15.0
1990-01-01,Czechia,Total,Total,2411000.0,100.0,10362102.0,100.0,23.3
1990-01-01,Denmark,Total,Total,1590000.0,100.0,5135409.0,100.0,31.0
1990-01-01,Germany,Total,Total,30685000.0,100.0,79112831.0,100.0,38.8
1990-01-01,Estonia,Total,Total,241664.0,100.0,1570599.0,100.0,15.4
1990-01-01,Ireland,Total,Total,797713.0,100.0,3506970.0,100.0,22.7
1990-01-01,Greece,Total,Total,1736000.0,100.0,10120892.0,100.0,17.2
1990-01-01,Spain,Total,Total,11996000.0,100.0,38853227.0,100.0,30.9
1990-01-01,France,Total,Total,23550000.0,100.0,58029398.0,100.0,40.6
1990-01-01,Croatia,Total,Total,795000.0,100.0,4772556.0,100.0,16.7
1990-01-01,Italy,Total,Total,27416000.0,100.0,56694360.0,100.0,48.4
1990-01-01,Cyprus,Total,Total,179000.0,100.0,572655.0,100.0,31.3
1990-01-01,Latvia,Total,Total,331837.0,100.0,2668140.0,100.0,12.4
1990-01-01,Lithuania,Total,Total,492980.0,100.0,3693708.0,100.0,13.3
1990-01-01,Luxembourg,Total,Total,192000.0,100.0,379300.0,100.0,50.6
1990-01-01,Hungary,Total,Total,1944553.0,100.0,10374823.0,100.0,18.7
1990-01-01,Malta,Total,Total,109131.0,100.0,352430.0,100.0,31.0
1990-01-01,Netherlands,Total,Total,5509000.0,100.0,14892574.0,100.0,37.0
1990-01-01,Austria,Total,Total,2991000.0,100.0,7644818.0,100.0,39.1
1990-01-01,Poland,Total,Total,5260646.0,100.0,38038403.0,100.0,13.8
1990-01-01,Portugal,Total,Total,2552000.0,100.0,9995995.0,100.0,25.5
1990-01-01,Romania,Total,Total,1263000.0,100.0,23211395.0,100.0,5.4
1990-01-01,Slovenia,Total,Total,578268.0,100.0,1996377.0,100.0,29.0
1990-01-01,Slovakia,Total,Total,1274244.0,100.0,5287663.0,100.0,24.1
1990-01-01,Finland,Total,Total,1939000.0,100.0,4974383.0,100.0,39.0
1990-01-01,Sweden,Total,Total,3600000.0,100.0,8527039.0,100.0,42.2
1990-01-01,United Kingdom,Total,Total,20722000.0,100.0,57156972.0,100.0,36.3
1990-01-01,Iceland,Total,Total,120000.0,100.0,253785.0,100.0,47.3
1990-01-01,Liechtenstein,Total,Total,16890.0,100.0,28452.0,100.0,59.4
1990-01-01,Norway,Total,Total,1613000.0,100.0,4233116.0,100.0,38.1
1990-01-01,Switzerland,Total,Total,2985000.0,100.0,6673850.0,100.0,44.7
1991-01-01,Belgium,Total,Total,3970000.0,102.74327122153208,9986975.0,100.39398732300326,39.8
1991-01-01,Bulgaria,Total,Total,1359000.0,103.18906605922551,8669269.0,98.88176621603803,15.7
1991-01-01,Denmark,Total,Total,1594000.0,100.25157232704403,5146469.0,100.21536746148165,31.0
1991-01-01,Germany,Total,Total,31322000.0,102.07593286622128,79753227.0,100.8094717277909,39.3
1991-01-01,Estonia,Total,Total,261086.0,108.0367783368644,1567749.0,99.8185405695534,16.7
1991-01-01,Ireland,Total,Total,836583.0,104.87267977330193,3520977.0,100.39940461423964,23.8
1991-01-01,Greece,Total,Total,1777000.0,102.36175115207374,10272691.0,101.49985791766181,17.3
1991-01-01,Spain,Total,Total,12537000.0,104.50983661220408,38881416.0,100.07255253212301,32.2
1991-01-01,France,Total,Total,23810000.0,101.104033970276,58313439.0,100.48947776435662,40.8
1991-01-01,Croatia,Total,Total,735650.0,92.53459119496856,4782179.0,100.20163199761302,15.4
1991-01-01,Italy,Total,Total,28519000.0,104.02319813247738,56744119.0,100.0877671076982,50.3
1991-01-01,Cyprus,Total,Total,190000.0,106.14525139664805,587141.0,102.52962080135508,32.4
1991-01-01,Latvia,Total,Total,328450.0,98.97931815921672,2658161.0,99.62599413823862,12.4
1991-01-01,Lithuania,Total,Total,530820.0,107.67576777962596,3701968.0,100.2236235241118,14.3
1991-01-01,Luxembourg,Total,Total,201000.0,104.6875,384400.0,101.34458212496705,52.3
1991-01-01,Hungary,Total,Total,2015455.0,103.6461850101283,10373153.0,99.98390333984493,19.4
1991-01-01,Malta,Total,Total,121699.0,111.51643437703311,361908.0,102.6893283772664,33.6
1991-01-01,Netherlands,Total,Total,5569000.0,101.0891268832819,15010445.0,100.79147499955347,37.1
1991-01-01,Austria,Total,Total,3100000.0,103.64426613172853,7710882.0,100.8641670736962,40.2
1991-01-01,Poland,Total,Total,6112171.0,116.18670026456827,38183160.0,100.38055488291661,16.0
1991-01-01,Portugal,Total,Total,2775000.0,108.73824451410658,9970441.0,99.7443576152249,27.8
1991-01-01,Romania,Total,Total,1431566.0,113.3464766429137,23192274.0,99.9176223574671,6.2
1991-01-01,Slovenia,Total,Total,594289.0,102.77051470944268,1999945.0,100.17872375808778,29.7
1991-01-01,Slovakia,Total,Total,906129.0,71.11110587925076,5310711.0,100.43588254395183,17.1
1991-01-01,Finland,Total,Total,1923000.0,99.17483238782879,4998478.0,100.48438168110498,38.5
1991-01-01,Sweden,Total,Total,3619000.0,100.52777777777777,8590630.0,100.74575711451537,42.1
1991-01-01,United Kingdom,Total,Total,20760000.0,100.18337998262716,57338199.0,100.31706893080342,36.2
1991-01-01,Iceland,Total,Total,121000.0,100.83333333333333,255866.0,100.81998542073013,47.3
1991-01-01,Liechtenstein,Total,Total,17330.0,102.60509177027828,29032.0,102.03852101785462,59.7
1991-01-01,Norway,Total,Total,1615000.0,100.12399256044637,4249830.0,100.39483916812107,38.0
1991-01-01,Switzerland,Total,Total,3058000.0,102.44556113902847,6757188.0,101.24872449935194,45.3
1992-01-01,Belgium,Total,Total,4021000.0,104.0631469979296,10021997.0,100.7460457014438,40.1
1992-01-01,Bulgaria,Total,Total,1411000.0,107.13743356112377,8595465.0,98.03995707690434,16.4
1992-01-01,Denmark,Total,Total,1605000.0,100.9433962264151,5162126.0,100.52025067526267,31.1
1992-01-01,Estonia,Total,Total,283469.0,117.29881157309323,1554878.0,98.99904431366632,18.2
1992-01-01,Ireland,Total,Total,858498.0,107.61990841317616,3547492.0,101.15547039181972,24.2
1992-01-01,Greece,Total,Total,1829000.0,105.35714285714286,10367163.0,102.43329342907721,17.6
1992-01-01,Spain,Total,Total,13102000.0,109.21973991330442,39051336.0,100.50989072284781,33.6
1992-01-01,France,Total,Total,24020000.0,101.99575371549894,58604851.0,100.99165771114839,41.0
1992-01-01,Croatia,Total,Total,669761.0,84.24666666666667,4595865.0,96.29776999997486,14.6
1992-01-01,Italy,Total,Total,29430000.0,107.34607528450539,56772923.0,100.13857286686012,51.8
1992-01-01,Cyprus,Total,Total,198000.0,110.6145251396648,603069.0,105.31105115645545,32.8
1992-01-01,Latvia,Total,Total,350000.0,105.47347040866451,2643000.0,99.05777058175357,13.2
1992-01-01,Lithuania,Total,Total,565320.0,114.67402328694875,3706299.0,100.34087697240821,15.3
1992-01-01,Luxembourg,Total,Total,209000.0,108.85416666666667,389600.0,102.7155286053256,53.6
1992-01-01,Hungary,Total,Total,2058334.0,105.85126761780215,10373647.0,99.98866486686086,19.8
1992-01-01,Malta,Total,Total,125037.0,114.57514363471424,365781.0,103.78827001106603,34.2
1992-01-01,Netherlands,Total,Total,5658000.0,102.7046650934834,15129150.0,101.5885501055761,37.4
1992-01-01,Austria,Total,Total,3245000.0,108.49214309595455,7798899.0,102.01549598695483,41.6
1992-01-01,Poland,Total,Total,6504716.0,123.64861653872927,38309226.0,100.71197258202453,17.0
1992-01-01,Portugal,Total,Total,3050000.0,119.5141065830721,9950029.0,99.54015583241087,30.7
1992-01-01,Romania,Total,Total,1593029.0,126.13056215360254,22810035.0,98.27084929621851,7.0
1992-01-01,Slovenia,Total,Total,606000.0,104.79570026354563,1998912.0,100.12698002431404,30.3
1992-01-01,Slovakia,Total,Total,953239.0,74.80819999937218,5295877.0,100.15534272891446,18.0
1992-01-01,Finland,Total,Total,1936000.0,99.8452810727179,5029002.0,101.0980055214888,38.5
1992-01-01,Sweden,Total,Total,3587000.0,99.63888888888889,8644120.0,101.3730557582767,41.5
1992-01-01,United Kingdom,Total,Total,20970000.0,101.19679567609303,57511594.0,100.6204352462898,36.5
1992-01-01,Iceland,Total,Total,120000.0,100.0,259727.0,102.34135193175327,46.2
1992-01-01,Liechtenstein,Total,Total,17700.0,104.79573712255772,29386.0,103.28272177702797,60.2
1992-01-01,Norway,Total,Total,1619000.0,100.37197768133912,4273634.0,100.95716724984621,37.9
1992-01-01,Switzerland,Total,Total,3091000.0,103.55108877721943,6842768.0,102.53104280138152,45.2
1993-01-01,Belgium,Total,Total,4110000.0,106.3664596273292,10068319.0,101.21169724065122,40.8
1993-01-01,Bulgaria,Total,Total,1505000.0,114.27486712224753,8484863.0,96.77842959321151,17.7
1993-01-01,Czechia,Total,Total,2833143.0,117.5090418913314,10325697.0,99.64867166912659,27.4
1993-01-01,Denmark,Total,Total,1618000.0,101.76100628930817,5180614.0,100.88026094903056,31.2
1993-01-01,Germany,Total,Total,38772000.0,126.35489652924883,80974632.0,102.35334897824602,47.9
1993-01-01,Estonia,Total,Total,317425.0,131.34972523834745,1511303.0,96.22462512710119,21.0
1993-01-01,Ireland,Total,Total,891027.0,111.69769077349873,3569367.0,101.77922822265376,25.0
1993-01-01,Greece,Total,Total,1959000.0,112.84562211981566,10430958.0,103.0636232458562,18.8
1993-01-01,Spain,Total,Total,13441000.0,112.04568189396467,39264034.0,101.0573304503124,34.2
1993-01-01,France,Total,Total,24385000.0,103.54564755838642,58885929.0,101.47602944286962,41.4
1993-01-01,Croatia,Total,Total,646000.0,81.25786163522012,4555771.0,95.45767509066421,14.2
1993-01-01,Italy,Total,Total,29652000.0,108.15582141814998,56821250.0,100.22381415012005,52.2
1993-01-01,Cyprus,Total,Total,203000.0,113.40782122905028,619231.0,108.13334381084596,32.8
1993-01-01,Latvia,Total,Total,367475.0,110.73961010978282,2585675.0,96.90927012825415,14.2
1993-01-01,Lithuania,Total,Total,597740.0,121.250354983975,3693929.0,100.00598314755796,16.2
1993-01-01,Luxembourg,Total,Total,218000.0,113.54166666666667,394750.0,104.07329290798839,55.2
1993-01-01,Hungary,Total,Total,2093529.0,107.66119514356257,10365035.0,99.90565622179771,20.2
1993-01-01,Malta,Total,Total,152613.0,139.84385738241195,369455.0,104.83074653122605,41.3
1993-01-01,Netherlands,Total,Total,5456000.0,99.03793791976764,15239182.0,102.32738813317295,35.8
1993-01-01,Austria,Total,Total,3367000.0,112.57104647275158,7882519.0,103.10930881546166,42.7
1993-01-01,Poland,Total,Total,6770557.0,128.70200732001356,38418108.0,100.99821488299601,17.6
1993-01-01,Portugal,Total,Total,3295000.0,129.11442006269593,9954958.0,99.58946558096517,33.1
1993-01-01,Romania,Total,Total,1793054.0,141.96785431512274,22778533.0,98.13513147314067,7.9
1993-01-01,Slovenia,Total,Total,632563.0,109.38924512509772,1994084.0,99.88514193461455,31.7
1993-01-01,Slovakia,Total,Total,994933.0,78.08025778422343,5314155.0,100.50101528785022,18.7
1993-01-01,Finland,Total,Total,1873000.0,96.5961835997937,5054982.0,101.62028134946586,37.1
1993-01-01,Sweden,Total,Total,3566000.0,99.05555555555556,8692013.0,101.93471614237954,41.0
1993-01-01,United Kingdom,Total,Total,21288000.0,102.73139658334138,57649210.0,100.86120377405577,36.9
1993-01-01,Iceland,Total,Total,116000.0,96.66666666666667,262386.0,103.38908918966843,44.2
1993-01-01,Liechtenstein,Total,Total,17770.0,105.21018354055653,29868.0,104.97680303669338,59.5
1993-01-01,Norway,Total,Total,1633000.0,101.23992560446374,4299167.0,101.56033994816111,38.0
1993-01-01,Switzerland,Total,Total,3110000.0,104.18760469011725,6907959.0,103.50785528592941,45.0
1994-01-01,Belgium,Total,Total,4210000.0,108.9544513457557,10100631.0,101.53651336549191,41.7
1994-01-01,Bulgaria,Total,Total,1588000.0,120.57706909643129,8459763.0,96.49213875000171,18.8
1994-01-01,Czechia,Total,Total,2923916.0,121.2739941932808,10334013.0,99.72892565620373,28.3
1994-01-01,Denmark,Total,Total,1611000.0,101.32075471698114,5196642.0,101.19236851436759,31.0
1994-01-01,Germany,Total,Total,39765000.0,129.59100537722014,81338093.0,102.81277002968076,48.9
1994-01-01,Estonia,Total,Total,337812.0,139.7858183262712,1476952.0,94.0374977954271,22.9
1994-01-01,Ireland,Total,Total,939022.0,117.71426565694681,3583154.0,102.17235961528041,26.2
1994-01-01,Greece,Total,Total,2074000.0,119.47004608294931,10489871.0,103.6457162076228,19.8
1994-01-01,Spain,Total,Total,13734000.0,114.48816272090696,39458489.0,101.5578165489317,34.8
1994-01-01,France,Total,Total,24900000.0,105.73248407643312,59104320.0,101.85237489453192,42.1
1994-01-01,Croatia,Total,Total,698000.0,87.79874213836479,4645155.0,97.3305499191628,15.0
1994-01-01,Italy,Total,Total,29665000.0,108.2032389845346,56842392.0,100.26110533746213,52.2
1994-01-01,Cyprus,Total,Total,210000.0,117.31843575418995,632944.0,110.52797932437505,33.2
1994-01-01,Latvia,Total,Total,251590.0,75.817344057474,2540904.0,95.23128471519485,9.9
1994-01-01,Lithuania,Total,Total,652810.0,132.42119355754798,3671296.0,99.39323844765207,17.8
1994-01-01,Luxembourg,Total,Total,229000.0,119.27083333333333,400200.0,105.51015027682573,57.2
1994-01-01,Hungary,Total,Total,2178891.0,112.0509957815498,10350010.0,99.76083447399536,21.1
1994-01-01,Malta,Total,Total,170635.0,156.35795511816076,373161.0,105.88230286865476,45.7
1994-01-01,Netherlands,Total,Total,5581000.0,101.30695225993829,15341553.0,103.01478441537373,36.4
1994-01-01,Austria,Total,Total,3479000.0,116.31561350718825,7928746.0,103.7139929295897,43.9
1994-01-01,Poland,Total,Total,7153141.0,135.97457422529476,38504707.0,101.22587691181462,18.6
1994-01-01,Portugal,Total,Total,3532000.0,138.40125391849529,9974391.0,99.78387344131325,35.4
1994-01-01,Romania,Total,Total,2020017.0,159.93800475059382,22748027.0,98.00370464592929,8.9
1994-01-01,Slovenia,Total,Total,657287.0,113.6647713516916,1989408.0,99.65091763729997,33.0
1994-01-01,Slovakia,Total,Total,994046.0,78.01064788219524,5336455.0,100.92275169578697,18.6
1994-01-01,Finland,Total,Total,1873000.0,96.5961835997937,5077912.0,102.08124304059419,36.9
1994-01-01,Sweden,Total,Total,3594000.0,99.83333333333333,8745109.0,102.55739419041005,41.1
1994-01-01,United Kingdom,Total,Total,21740000.0,104.91265321880128,57788017.0,101.10405603711827,37.6
1994-01-01,Iceland,Total,Total,116000.0,96.66666666666667,265064.0,104.44431309967098,43.8
1994-01-01,Liechtenstein,Total,Total,18260.0,108.11130846654827,30310.0,106.53029663995501,60.2
1994-01-01,Norway,Total,Total,1654000.0,102.54184748915065,4324815.0,102.16622932137933,38.2
1994-01-01,Switzerland,Total,Total,3165000.0,106.03015075376885,6968570.0,104.41604171505203,45.4
1995-01-01,Belgium,Total,Total,4273000.0,110.58488612836439,10130574.0,101.83751513653998,42.2
1995-01-01,Bulgaria,Total,Total,1648000.0,125.13287775246773,8427418.0,96.12321136659052,19.6
1995-01-01,Czechia,Total,Total,3043320.0,126.22646204894235,10333161.0,99.72070338624344,29.5
1995-01-01,Denmark,Total,Total,1679000.0,105.59748427672957,5215718.0,101.56382870380918,32.2
1995-01-01,Germany,Total,Total,40404000.0,131.67345608603551,81538603.0,103.06621817136086,49.6
1995-01-01,Estonia,Total,Total,383444.0,158.66823358050848,1448075.0,92.19889991016167,26.5
1995-01-01,Ireland,Total,Total,990384.0,124.15292216624275,3597617.0,102.58476690704512,27.5
1995-01-01,Greece,Total,Total,2205000.0,127.01612903225808,10535973.0,104.10122941732804,20.9
1995-01-01,Spain,Total,Total,14212000.0,118.47282427475825,39639726.0,102.02428230736149,35.9
1995-01-01,France,Total,Total,25100000.0,106.58174097664543,59315139.0,102.2156717875998,42.3
1995-01-01,Croatia,Total,Total,711000.0,89.43396226415095,4658893.0,97.61840405853802,15.3
1995-01-01,Italy,Total,Total,30301000.0,110.52305223227312,56844408.0,100.2646612467272,53.3
1995-01-01,Cyprus,Total,Total,220000.0,122.90502793296089,645399.0,112.70293632291694,34.1
1995-01-01,Latvia,Total,Total,332000.0,100.04912050193317,2500580.0,93.71996971673151,13.3
1995-01-01,Lithuania,Total,Total,718469.0,145.73998945190473,3642991.0,98.62693531811394,19.7
1995-01-01,Hungary,Total,Total,2244946.0,115.44792042181416,10336700.0,99.63254312868759,21.7
1995-01-01,Malta,Total,Total,180851.0,165.71918153411954,376433.0,106.81071418437705,48.0
1995-01-01,Netherlands,Total,Total,5664000.0,102.81357778181157,15424122.0,103.56921510008948,36.7
1995-01-01,Austria,Total,Total,3594000.0,120.160481444333,7943489.0,103.90684251737584,45.2
1995-01-01,Poland,Total,Total,7517266.0,142.89625266554714,38580597.0,101.42538581338442,19.5
1995-01-01,Portugal,Total,Total,3751000.0,146.98275862068965,10008659.0,100.12669073964122,37.5
1995-01-01,Romania,Total,Total,2197477.0,173.9886777513856,22712394.0,97.85018952975467,9.7
1995-01-01,Slovenia,Total,Total,698212.0,120.74193972345002,1989477.0,99.6543738983168,35.1
1995-01-01,Slovakia,Total,Total,1015794.0,79.71738536732367,5356207.0,101.29630046392897,19.0
1995-01-01,Finland,Total,Total,1901000.0,98.04022692109335,5098754.0,102.50022967672574,37.3
1995-01-01,Sweden,Total,Total,3631000.0,100.86111111111111,8816381.0,103.39322946687591,41.2
1995-01-01,United Kingdom,Total,Total,21951000.0,105.93089470128365,57943472.0,101.37603510556856,37.9
1995-01-01,Iceland,Total,Total,119000.0,99.16666666666667,266978.0,105.19849478889611,44.6
1995-01-01,Liechtenstein,Total,Total,19000.0,112.49259917110717,30629.0,107.65148319977507,62.0
1995-01-01,Norway,Total,Total,1685000.0,104.46373217606944,4348410.0,102.72362014175846,38.7
1995-01-01,Switzerland,Total,Total,3229000.0,108.17420435510887,7019019.0,105.17196221071796,46.0
1996-01-01,Belgium,Total,Total,4339000.0,112.29296066252587,10143047.0,101.962899870544,42.8
1996-01-01,Bulgaria,Total,Total,1707000.0,129.6127562642369,8384715.0,95.6361405348141,20.4
1996-01-01,Czechia,Total,Total,3192532.0,132.41526337619246,10321344.0,99.60666281802669,30.9
1996-01-01,Denmark,Total,Total,1739000.0,109.37106918238995,5251027.0,102.25138835095706,33.1
1996-01-01,Germany,Total,Total,40988000.0,133.57666612351312,81817499.0,103.41874758596366,50.1
1996-01-01,Estonia,Total,Total,406598.0,168.24930481991524,1425192.0,90.74193985861444,28.5
1996-01-01,Ireland,Total,Total,1057383.0,132.5518074796324,3620065.0,103.22486362871652,29.2
1996-01-01,Greece,Total,Total,2339000.0,134.73502304147465,10588332.0,104.61856524108744,22.1
1996-01-01,France,Total,Total,25500000.0,108.28025477707006,59522297.0,102.5726598094297,42.8
1996-01-01,Croatia,Total,Total,836000.0,105.15723270440252,4581167.0,95.98980085304395,18.2
1996-01-01,Italy,Total,Total,30470000.0,111.13948059527283,56844197.0,100.2642890756682,53.6
1996-01-01,Cyprus,Total,Total,227000.0,126.81564245810056,656333.0,114.61228837607284,34.6
1996-01-01,Latvia,Total,Total,379895.0,114.48241154542742,2469531.0,92.55627515797522,15.4
1996-01-01,Lithuania,Total,Total,785088.0,159.25351941255224,3615212.0,97.87487262122507,21.7
1996-01-01,Hungary,Total,Total,2265180.0,116.48846804381263,10321229.0,99.4834225123648,21.9
1996-01-01,Malta,Total,Total,166182.0,152.27753800478325,378404.0,107.36997417926963,43.9
1996-01-01,Netherlands,Total,Total,5810000.0,105.46378653113089,15493889.0,104.03768347902786,37.5
1996-01-01,Austria,Total,Total,3690000.0,123.37011033099299,7953067.0,104.03212999969391,46.4
1996-01-01,Poland,Total,Total,8054448.0,153.1075841255998,38609399.0,101.50110402899932,20.9
1996-01-01,Portugal,Total,Total,4003000.0,156.85736677115986,10043693.0,100.47717110702837,39.9
1996-01-01,Romania,Total,Total,2391869.0,189.37996832937452,22656145.0,97.60785596901866,10.6
1996-01-01,Slovenia,Total,Total,728000.0,125.8931844750185,1990266.0,99.69389549168318,36.6
1996-01-01,Slovakia,Total,Total,1058425.0,83.06297694946964,5367790.0,101.51535754075098,19.7
1996-01-01,Finland,Total,Total,1943000.0,100.2062919030428,5116826.0,102.86353101480124,38.0
1996-01-01,Sweden,Total,Total,3655000.0,101.52777777777777,8837496.0,103.64085352488712,41.4
1996-01-01,United Kingdom,Total,Total,22819000.0,110.11967956760931,58094587.0,101.64042104959654,39.3
1996-01-01,Iceland,Total,Total,125000.0,104.16666666666667,267958.0,105.58464842287762,46.6
1996-01-01,Liechtenstein,Total,Total,19000.0,112.49259917110717,30923.0,108.68480247434276,61.4
1996-01-01,Norway,Total,Total,1661000.0,102.97582145071296,4369957.0,103.23263052559864,38.0
1996-01-01,Switzerland,Total,Total,3268000.0,109.48073701842547,7062354.0,105.82128756265124,46.3
1997-01-01,Belgium,Total,Total,4415000.0,114.25983436853002,10170226.0,102.23611655341864,43.4
1997-01-01,Bulgaria,Total,Total,1731000.0,131.43507972665148,8340936.0,95.13679683661165,20.8
1997-01-01,Czechia,Total,Total,3391541.0,140.6694732476151,10309137.0,99.48885853468727,32.9
1997-01-01,Denmark,Total,Total,1783000.0,112.13836477987422,5275121.0,102.72056227653923,33.8
1997-01-01,Germany,Total,Total,41372000.0,134.8280919015806,82012162.0,103.6648050175325,50.4
1997-01-01,Estonia,Total,Total,427678.0,176.9721596927966,1405996.0,89.5197310070871,30.4
1997-01-01,Ireland,Total,Total,1134400.0,142.2065329260022,3654955.0,104.21973954724449,31.0
1997-01-01,Greece,Total,Total,2500000.0,144.00921658986175,10629267.0,105.02302563845163,23.5
1997-01-01,France,Total,Total,26090000.0,110.78556263269638,59726386.0,102.92435913259,43.7
1997-01-01,Croatia,Total,Total,932000.0,117.23270440251572,4533028.0,94.98113798978996,20.6
1997-01-01,Italy,Total,Total,30748000.0,112.15348701488182,56876364.0,100.32102664180351,54.1
1997-01-01,Cyprus,Total,Total,235000.0,131.2849162011173,666313.0,116.35504797827663,35.3
1997-01-01,Latvia,Total,Total,431816.0,130.1289488513939,2444912.0,91.6335724512207,17.7
1997-01-01,Lithuania,Total,Total,882101.0,178.93241105115828,3588013.0,97.1385123025426,24.6
1997-01-01,Hungary,Total,Total,2297964.0,118.17440820589616,10301247.0,99.290821636186,22.3
1997-01-01,Malta,Total,Total,183774.0,168.39761387690024,381405.0,108.2214907924978,48.2
1997-01-01,Netherlands,Total,Total,5931000.0,107.66019241241605,15567107.0,104.52932448077814,38.1
1997-01-01,Austria,Total,Total,3783000.0,126.47943831494484,7964966.0,104.18777791701517,47.5
1997-01-01,Poland,Total,Total,8533449.0,162.21294875192135,38639341.0,101.5798192158593,22.1
1997-01-01,Portugal,Total,Total,4273000.0,167.43730407523512,10084196.0,100.88236338653631,42.4
1997-01-01,Romania,Total,Total,2605465.0,206.29176563737133,22581862.0,97.28782781043535,11.5
1997-01-01,Slovenia,Total,Total,779000.0,134.71262459620797,1986989.0,99.52974813875335,39.2
1997-01-01,Slovakia,Total,Total,1135914.0,89.14415135562733,5378932.0,101.726074449147,21.1
1997-01-01,Finland,Total,Total,1948000.0,100.4641567818463,5132320.0,103.17500682999278,38.0
1997-01-01,Sweden,Total,Total,3702000.0,102.83333333333333,8844499.0,103.72298050941247,41.9
1997-01-01,United Kingdom,Total,Total,23450000.0,113.16475243702347,58239312.0,101.89362725513172,40.3
1997-01-01,Iceland,Total,Total,132000.0,110.00000000000001,269874.0,106.33961818074353,48.9
1997-01-01,Liechtenstein,Total,Total,20000.0,118.41326228537596,31143.0,109.45803458456346,64.2
1997-01-01,Norway,Total,Total,1758000.0,108.98946063236205,4392714.0,103.77022505407365,40.0
1997-01-01,Switzerland,Total,Total,3323000.0,111.32328308207707,7081346.0,106.10586093484271,46.9
1998-01-01,Belgium,Total,Total,4492000.0,116.25258799171843,10192264.0,102.45765337439039,44.1
1998-01-01,Bulgaria,Total,Total,1809000.0,137.35763097949888,8283200.0,94.47825946117098,21.8
1998-01-01,Czechia,Total,Total,3492961.0,144.87602654500208,10299125.0,99.39223721210233,33.9
1998-01-01,Denmark,Total,Total,1817000.0,114.27672955974843,5294860.0,103.10493283008229,34.3
1998-01-01,Germany,Total,Total,41674000.0,135.8122861332899,82057379.0,103.72196009519618,50.8
1998-01-01,Estonia,Total,Total,450954.0,186.60371424788136,1393074.0,88.69698758244466,32.4
1998-01-01,Ireland,Total,Total,1196900.0,150.04143094070173,3693386.0,105.3155858190974,32.4
1998-01-01,Greece,Total,Total,2676000.0,154.14746543778801,10693250.0,105.65521299901235,25.0
1998-01-01,France,Total,Total,26810000.0,113.84288747346072,59934884.0,103.28365632881457,44.7
1998-01-01,Croatia,Total,Total,1000000.0,125.78616352201257,4536812.0,95.06042464457201,22.0
1998-01-01,Italy,Total,Total,31573000.0,115.1626787277502,56904379.0,100.37044072814298,55.5
1998-01-01,Cyprus,Total,Total,249000.0,139.10614525139664,675215.0,117.90956160340869,36.9
1998-01-01,Latvia,Total,Total,482670.0,145.45394274900025,2420789.0,90.72945947364082,19.9
1998-01-01,Lithuania,Total,Total,980910.0,198.9756176721165,3562261.0,96.4413267101785,27.5
1998-01-01,Luxembourg,Total,Total,253000.0,131.77083333333331,422050.0,111.27076192987082,59.9
1998-01-01,Hungary,Total,Total,2218124.0,114.06858028554635,10279724.0,99.0833674945587,21.6
1998-01-01,Malta,Total,Total,173700.0,159.16650630893147,384176.0,109.00774621910733,45.2
1998-01-01,Netherlands,Total,Total,6120000.0,111.09094209475403,15654192.0,105.11407900340129,39.1
1998-01-01,Austria,Total,Total,3887000.0,129.95653627549316,7971116.0,104.26822456728205,48.8
1998-01-01,Poland,Total,Total,8890763.0,169.00515640094392,38659979.0,101.63407491108394,23.0
1998-01-01,Portugal,Total,Total,4587000.0,179.74137931034483,10133758.0,101.37818196187574,45.3
1998-01-01,Romania,Total,Total,2822254.0,223.45637371338083,22526093.0,97.0475621995145,12.5
1998-01-01,Slovenia,Total,Total,814000.0,140.76518154212235,1984923.0,99.4262606712059,41.0
1998-01-01,Slovakia,Total,Total,1196109.0,93.86812886699879,5387650.0,101.89094879911976,22.2
1998-01-01,Finland,Total,Total,2021000.0,104.22898401237752,5147349.0,103.47713475218936,39.3
1998-01-01,Sweden,Total,Total,3791000.0,105.30555555555556,8847625.0,103.75964036285046,42.8
1998-01-01,United Kingdom,Total,Total,23922000.0,115.44252485281343,58394596.0,102.16530714748151,41.0
1998-01-01,Iceland,Total,Total,140000.0,116.66666666666667,272381.0,107.32746222195952,51.4
1998-01-01,Liechtenstein,Total,Total,20000.0,118.41326228537596,31320.0,110.08013496415015,63.9
1998-01-01,Norway,Total,Total,1786000.0,110.72535647861127,4417599.0,104.3580898798899,40.4
1998-01-01,Switzerland,Total,Total,3383000.0,113.33333333333333,7096465.0,106.33240183702061,47.7
1999-01-01,Belgium,Total,Total,4584000.0,118.6335403726708,10213752.0,102.67366132470535,44.9
1999-01-01,Bulgaria,Total,Total,1908000.0,144.874715261959,8230371.0,93.87569137527734,23.2
1999-01-01,Czechia,Total,Total,3440000.0,142.67938614682706,10289621.0,99.30051836972847,33.4
1999-01-01,Denmark,Total,Total,1843000.0,115.9119496855346,5313577.0,103.46940233971627,34.7
1999-01-01,Germany,Total,Total,42324000.0,137.9305849763728,82037011.0,103.69621458749214,51.6
1999-01-01,Estonia,Total,Total,458700.0,189.8089909957627,1379237.0,87.81598613013252,33.3
1999-01-01,Ireland,Total,Total,1269200.0,159.10484096410613,3732006.0,106.4168213586087,34.0
1999-01-01,Greece,Total,Total,2929000.0,168.72119815668202,10747768.0,106.19388093460537,27.3
1999-01-01,Spain,Total,Total,16848000.0,140.44681560520175,40303568.0,103.73287140344867,41.8
1999-01-01,France,Total,Total,27480000.0,116.68789808917197,60158533.0,103.66906270507926,45.7
1999-01-01,Croatia,Total,Total,1059000.0,133.2075471698113,4527460.0,94.8644709459669,23.4
1999-01-01,Italy,Total,Total,32038000.0,116.85876860227604,56909109.0,100.37878370970235,56.3
1999-01-01,Cyprus,Total,Total,257000.0,143.5754189944134,682862.0,119.24492058918545,37.6
1999-01-01,Latvia,Total,Total,526000.0,158.51155838559293,2399248.0,89.92211802978855,21.9
1999-01-01,Lithuania,Total,Total,1089334.0,220.9692076757678,3536401.0,95.7412172267001,30.8
1999-01-01,Luxembourg,Total,Total,263000.0,136.97916666666669,427350.0,112.66807276562088,61.5
1999-01-01,Hungary,Total,Total,2256000.0,116.01638011409305,10253416.0,98.82979208416374,22.0
1999-01-01,Malta,Total,Total,182642.0,167.36032841264168,386397.0,109.63794228641149,47.3
1999-01-01,Netherlands,Total,Total,6343000.0,115.13886367761845,15760225.0,105.82606472192113,40.2
1999-01-01,Austria,Total,Total,4010000.0,134.06887328652624,7982461.0,104.41662574570121,50.2
1999-01-01,Poland,Total,Total,9283000.0,176.46121788084582,38666983.0,101.6524878817862,24.0
1999-01-01,Portugal,Total,Total,4932000.0,193.2601880877743,10186634.0,101.90715381510296,48.4
1999-01-01,Romania,Total,Total,2980014.0,235.94726840855108,22488595.0,96.88601223666221,13.3
1999-01-01,Slovenia,Total,Total,849000.0,146.8177384880367,1978334.0,99.09621278946813,42.9
1999-01-01,Slovakia,Total,Total,1236400.0,97.0300821506713,5393382.0,101.9993520767114,22.9
1999-01-01,Finland,Total,Total,2083000.0,107.42650850954101,5159646.0,103.72434129016604,40.4
1999-01-01,Sweden,Total,Total,3890000.0,108.05555555555554,8854322.0,103.83817876287421,43.9
1999-01-01,United Kingdom,Total,Total,24628000.0,118.84953189846539,58579685.0,102.48913290928007,42.0
1999-01-01,Iceland,Total,Total,151000.0,125.83333333333333,275712.0,108.6399905431763,54.8
1999-01-01,Liechtenstein,Total,Total,21000.0,124.33392539964476,32015.0,112.52284549416561,65.6
1999-01-01,Norway,Total,Total,1814000.0,112.46125232486051,4445329.0,105.01316288048803,40.8
1999-01-01,Switzerland,Total,Total,3467000.0,116.14740368509213,7123537.0,106.73804475677457,48.7
2000-01-01,Belgium,Total,Total,4678000.0,121.06625258799173,10239085.0,102.92832110715734,45.7
2000-01-01,Bulgaria,Total,Total,1993000.0,151.3287775246773,8190876.0,93.42521102258526,24.3
2000-01-01,Czechia,Total,Total,3438900.0,142.63376192451264,10278098.0,99.1893150636811,33.5
2000-01-01,Denmark,Total,Total,1854000.0,116.60377358490565,5330020.0,103.78959105302033,34.8
2000-01-01,Germany,Total,Total,43772000.0,142.64950301450222,82163475.0,103.85606729204268,53.3
2000-01-01,Estonia,Total,Total,463900.0,191.96073887711864,1401250.0,89.21755330291182,33.1
2000-01-01,Ireland,Total,Total,1319000.0,165.34768770221874,3777565.0,107.7159200107215,34.9
2000-01-01,Greece,Total,Total,3195000.0,184.04377880184333,10775627.0,106.46914323362012,29.7
2000-01-01,Spain,Total,Total,17449000.0,145.45681893964655,40470182.0,104.16170064844292,43.1
2000-01-01,France,Total,Total,28060000.0,119.15074309978768,60545022.0,104.33508546823111,46.3
2000-01-01,Croatia,Total,Total,1119000.0,140.75471698113208,4497735.0,94.24163907139068,24.9
2000-01-01,Italy,Total,Total,32584000.0,118.85030639042895,56923524.0,100.40420951925377,57.2
2000-01-01,Cyprus,Total,Total,268000.0,149.72067039106145,690497.0,120.57818407243455,38.8
2000-01-01,Latvia,Total,Total,556800.0,167.7932237815554,2381715.0,89.26499359104095,23.4
2000-01-01,Lithuania,Total,Total,1172394.0,237.8177613696296,3512074.0,95.08261075320517,33.4
2000-01-01,Luxembourg,Total,Total,273090.0,142.234375,433600.0,114.3158449775903,63.0
2000-01-01,Hungary,Total,Total,2365000.0,121.62178145825801,10221644.0,98.52355071503388,23.1
2000-01-01,Malta,Total,Total,189123.0,173.29906259449652,388759.0,110.30814629855574,48.6
2000-01-01,Netherlands,Total,Total,6539000.0,118.696678163006,15863950.0,106.52255278368938,41.2
2000-01-01,Austria,Total,Total,4097000.0,136.97759946506184,8002186.0,104.6746436605816,51.2
2000-01-01,Poland,Total,Total,9991300.0,189.92534376956746,38263303.0,100.59124459036832,26.1
2000-01-01,Portugal,Total,Total,5260000.0,206.1128526645768,10249022.0,102.53128377915355,51.3
2000-01-01,Romania,Total,Total,3128782.0,247.726207442597,22455485.0,96.74336678170356,13.9
2000-01-01,Slovenia,Total,Total,869000.0,150.2763424571306,1987755.0,99.56811764511413,43.7
2000-01-01,Slovakia,Total,Total,1274200.0,99.99654697216546,5398657.0,102.0991125947323,23.6
2000-01-01,Finland,Total,Total,2135000.0,110.10830324909749,5171302.0,103.95866180790662,41.3
2000-01-01,Sweden,Total,Total,3999000.0,111.08333333333333,8861426.0,103.92149021483309,45.1
2000-01-01,United Kingdom,Total,Total,25067000.0,120.96805327671075,58785246.0,102.84877582388374,42.6
2000-01-01,Iceland,Total,Total,159000.0,132.5,279049.0,109.95488307031542,57.0
2000-01-01,Liechtenstein,Total,Total,22000.0,130.25458851391357,32426.0,113.96738366371433,67.8
2000-01-01,Norway,Total,Total,1851000.0,114.75511469311841,4478497.0,105.79669916912269,41.3
2000-01-01,Switzerland,Total,Total,3545000.0,118.7604690117253,7164444.0,107.35098930901954,49.5
2001-01-01,Belgium,Total,Total,4740000.0,122.67080745341615,10263414.0,103.1728881875377,46.2
2001-01-01,Bulgaria,Total,Total,2086000.0,158.39028094153377,8149468.0,92.95291097335692,25.6
2001-01-01,Czechia,Total,Total,3529800.0,146.4039817503111,10232027.0,98.74470450107516,34.5
2001-01-01,Denmark,Total,Total,1873000.0,117.79874213836479,5349212.0,104.1633100693635,35.0
2001-01-01,Germany,Total,Total,44383000.0,144.64070392700017,82259540.0,103.97749512970911,54.0
2001-01-01,Estonia,Total,Total,407300.0,168.53979078389833,1392720.0,88.67444841108393,29.2
2001-01-01,Ireland,Total,Total,1404000.0,176.00314900221005,3832783.0,109.29044160628692,36.6
2001-01-01,Greece,Total,Total,3424000.0,197.23502304147465,10835989.0,107.06555311527876,31.6
2001-01-01,Spain,Total,Total,18151000.0,151.3087695898633,40665545.0,104.66452374728101,44.6
2001-01-01,France,Total,Total,28700000.0,121.86836518046708,60979315.0,105.0834871662808,47.1
2001-01-01,Croatia,Total,Total,1185000.0,149.0566037735849,4295406.0,90.00221265083113,27.6
2001-01-01,Italy,Total,Total,33239000.0,121.23942223519113,56960692.0,100.46976806864035,58.4
2001-01-01,Cyprus,Total,Total,280000.0,156.4245810055866,697549.0,121.80964105787953,40.1
2001-01-01,Latvia,Total,Total,586200.0,176.65299529588324,2353384.0,88.20316774981822,24.9
2001-01-01,Lithuania,Total,Total,1133477.0,229.92352630938373,3486998.0,94.4037265533713,32.5
2001-01-01,Luxembourg,Total,Total,281000.0,146.35416666666669,439000.0,115.73952016873189,64.0
2001-01-01,Hungary,Total,Total,2482800.0,127.67972896598859,10200298.0,98.31780262660867,24.3
2001-01-01,Malta,Total,Total,195400.0,179.0508654736051,391415.0,111.06177113185598,49.9
2001-01-01,Netherlands,Total,Total,6711000.0,121.8188418950808,15987075.0,107.34930711104742,42.0
2001-01-01,Austria,Total,Total,4182000.0,139.81945837512538,8020946.0,104.92003864578594,52.1
2001-01-01,Poland,Total,Total,10503100.0,199.65418695726723,38253955.0,100.56666942615861,27.5
2001-01-01,Portugal,Total,Total,5537000.0,216.96708463949844,10330774.0,103.34913132709652,53.6
2001-01-01,Romania,Total,Total,3225500.0,255.3840063341251,22430457.0,96.63554043175776,14.4
2001-01-01,Slovenia,Total,Total,885000.0,153.04322563240572,1990094.0,99.68527988451079,44.5
2001-01-01,Slovakia,Total,Total,1292800.0,101.45623601131336,5378783.0,101.72325656911192,24.0
2001-01-01,Finland,Total,Total,2161000.0,111.44920061887571,5181115.0,104.15593250459403,41.7
2001-01-01,Sweden,Total,Total,4019000.0,111.63888888888889,8882792.0,104.17205785032763,45.2
2001-01-01,United Kingdom,Total,Total,25783000.0,124.42331821252775,58999781.0,103.22411936027682,43.7
2001-01-01,Iceland,Total,Total,160000.0,133.33333333333331,283361.0,111.65395905983411,56.5
2001-01-01,Liechtenstein,Total,Total,22630.0,133.9846062759029,32863.0,115.50330380992548,68.9
2001-01-01,Switzerland,Total,Total,3630000.0,121.60804020100502,7204055.0,107.94451478531882,50.4
2002-01-01,Belgium,Total,Total,4787000.0,123.8871635610766,10309725.0,103.63842914933198,46.4
2002-01-01,Bulgaria,Total,Total,2174100.0,165.07972665148063,7868815.0,89.75178013593225,27.6
2002-01-01,Czechia,Total,Total,3647100.0,151.26918291165492,10201182.0,98.44703323707873,35.8
2002-01-01,Denmark,Total,Total,1888000.0,118.74213836477988,5368354.0,104.53605545342153,35.2
2002-01-01,Germany,Total,Total,44657000.0,145.53364836239206,82440309.0,104.20599030263497,54.2
2002-01-01,Estonia,Total,Total,400700.0,165.80872616525423,1383510.0,88.08804793585122,29.0
2002-01-01,Ireland,Total,Total,1470000.0,184.27680130573276,3899702.0,111.19861304773066,37.7
2002-01-01,Greece,Total,Total,3646000.0,210.02304147465435,10888274.0,107.58215777818793,33.5
2002-01-01,Spain,Total,Total,18733000.0,156.16038679559853,41035278.0,105.61613839694705,45.7
2002-01-01,France,Total,Total,29160000.0,123.82165605095541,61424036.0,105.84985906626154,47.5
2002-01-01,Croatia,Total,Total,1228000.0,154.46540880503144,4305494.0,90.21358785522894,28.5
2002-01-01,Italy,Total,Total,33706000.0,122.94280711992998,56987507.0,100.51706554232203,59.1
2002-01-01,Cyprus,Total,Total,288000.0,160.89385474860336,705539.0,123.2048964909064,40.8
2002-01-01,Latvia,Total,Total,619100.0,186.56750151429767,2320956.0,86.98778924644134,26.7
2002-01-01,Lithuania,Total,Total,1180945.0,239.55231449551704,3454637.0,93.52761506865188,34.2
2002-01-01,Luxembourg,Total,Total,287000.0,149.47916666666669,444050.0,117.07092011600318,64.6
2002-01-01,Hungary,Total,Total,2629500.0,135.22387921542895,10174853.0,98.0725454304136,25.8
2002-01-01,Malta,Total,Total,201900.0,185.007009923853,394641.0,111.97713021025453,51.2
2002-01-01,Netherlands,Total,Total,6855000.0,124.43274641495734,16105285.0,108.14305841287073,42.6
2002-01-01,Austria,Total,Total,3987000.0,133.2998996990973,8063640.0,105.47850844846798,49.4
2002-01-01,Poland,Total,Total,11028900.0,209.64915715674462,38242197.0,100.5357585595799,28.8
2002-01-01,Portugal,Total,Total,5788000.0,226.80250783699057,10394669.0,103.98833732910032,55.7
2002-01-01,Romania,Total,Total,2971000.0,235.23357086302457,21833483.0,94.0636398630931,13.6
2002-01-01,Slovenia,Total,Total,914500.0,158.14466648681926,1994026.0,99.88223667173084,45.9
2002-01-01,Slovakia,Total,Total,1326900.0,104.13233258308456,5378951.0,101.72643377613136,24.7
2002-01-01,Finland,Total,Total,2195000.0,113.20268179473956,5194901.0,104.43307240315029,42.3
2002-01-01,Sweden,Total,Total,4043000.0,112.30555555555554,8909128.0,104.48091066547252,45.4
2002-01-01,United Kingdom,Total,Total,26460000.0,127.69037737670108,59239564.0,103.64363598547524,44.7
2002-01-01,Iceland,Total,Total,162000.0,135.0,286575.0,112.92038536556535,56.5
2002-01-01,Liechtenstein,Total,Total,23000.0,136.17525162818237,33525.0,117.83002952340784,68.6
2002-01-01,Switzerland,Total,Total,3701000.0,123.98659966499162,7255653.0,108.71765173026064,51.0
2003-01-01,Belgium,Total,Total,4821000.0,124.76708074534162,10355844.0,104.10204003264245,46.6
2003-01-01,Bulgaria,Total,Total,2309000.0,175.3227031131359,7805506.0,89.02967706849127,29.6
2003-01-01,Czechia,Total,Total,3706012.0,153.7126503525508,10192649.0,98.36468508030514,36.4
2003-01-01,Germany,Total,Total,45023000.0,146.7264135571126,82536680.0,104.32780492964535,54.5
2003-01-01,Estonia,Total,Total,434000.0,179.58818855932205,1375190.0,87.55831373889833,31.6
2003-01-01,Ireland,Total,Total,1532000.0,192.04902013631468,3964191.0,113.03749390499492,38.6
2003-01-01,Greece,Total,Total,3840000.0,221.19815668202767,10915770.0,107.85383343681565,35.2
2003-01-01,Spain,Total,Total,18688000.0,155.78526175391798,41827838.0,107.6560204381479,44.7
2003-01-01,France,Total,Total,29560000.0,125.52016985138003,61864088.0,106.6081850444149,47.8
2003-01-01,Croatia,Total,Total,1282000.0,161.25786163522014,4305384.0,90.21128301061319,29.8
2003-01-01,Italy,Total,Total,34310000.0,125.14590020426029,57130506.0,100.76929345352872,60.1
2003-01-01,Cyprus,Total,Total,303000.0,169.27374301675977,713720.0,124.63350533916582,42.5
2003-01-01,Latvia,Total,Total,648900.0,195.54781413766398,2299390.0,86.1795108202718,28.2
2003-01-01,Lithuania,Total,Total,1256853.0,254.95009939551298,3431497.0,92.90114432434832,36.6
2003-01-01,Luxembourg,Total,Total,293000.0,152.60416666666669,448300.0,118.19140522014237,65.4
2003-01-01,Hungary,Total,Total,2777000.0,142.80917002519345,10142362.0,97.75937382257027,27.4
2003-01-01,Netherlands,Total,Total,6909000.0,125.41296060991105,16192572.0,108.72916931619744,42.7
2003-01-01,Austria,Total,Total,4054000.0,135.53995319291207,8100273.0,105.95769578817966,50.0
2003-01-01,Poland,Total,Total,11243800.0,213.7342067875314,38218531.0,100.47354248810076,29.4
2003-01-01,Slovenia,Total,Total,890000.0,153.9078766246792,1995033.0,99.93267804628084,44.6
2003-01-01,Slovakia,Total,Total,1356200.0,106.43173520926919,5374873.0,101.6493108581239,25.2
2003-01-01,Finland,Total,Total,2275000.0,117.32851985559567,5206295.0,104.6621259360206,43.7
2003-01-01,Sweden,Total,Total,4075000.0,113.19444444444444,8940788.0,104.8522001599852,45.6
2003-01-01,United Kingdom,Total,Total,26953000.0,130.06949136183766,59501394.0,104.10172533282554,45.3
2003-01-01,Iceland,Total,Total,167000.0,139.16666666666666,288471.0,113.66747443702347,57.9
2003-01-01,Liechtenstein,Total,Total,23520.0,139.25399644760213,33863.0,119.01799522001969,69.5
2003-01-01,Switzerland,Total,Total,3754000.0,125.76214405360133,7313853.0,109.58971208522816,51.3
2004-01-01,Belgium,Total,Total,4874000.0,126.13871635610765,10396421.0,104.50994000471663,46.9
2004-01-01,Bulgaria,Total,Total,2438000.0,185.11769172361429,7745147.0,88.34122172963468,31.5
2004-01-01,Czechia,Total,Total,3816000.0,158.27457486520115,10195347.0,98.3907222685127,37.4
2004-01-01,Germany,Total,Total,45376000.0,147.87681277497148,82531671.0,104.32147346616884,55.0
2004-01-01,Estonia,Total,Total,471000.0,194.89870233050848,1366250.0,86.98910415707638,34.5
2004-01-01,Ireland,Total,Total,1582000.0,198.31693854807432,4028851.0,114.88125076633105,39.3
2004-01-01,Greece,Total,Total,4073511.0,234.64925115207373,10940369.0,108.09688513621131,37.2
2004-01-01,Spain,Total,Total,19542000.0,162.90430143381127,42547451.0,109.50815230868724,45.9
2004-01-01,France,Total,Total,29900000.0,126.96390658174097,62292241.0,107.34600589859645,48.0
2004-01-01,Croatia,Total,Total,1329000.0,167.16981132075472,4305725.0,90.21842802892202,30.9
2004-01-01,Italy,Total,Total,33973000.0,123.91669098336737,57495900.0,101.41379142475549,59.1
2004-01-01,Cyprus,Total,Total,336000.0,187.7094972067039,722893.0,126.23534239638177,46.5
2004-01-01,Latvia,Total,Total,686100.0,206.758137278242,2276520.0,85.32235939643347,30.1
2004-01-01,Lithuania,Total,Total,1315914.0,266.9305042800925,3398929.0,92.01942871499317,38.7
2004-01-01,Luxembourg,Total,Total,299000.0,155.72916666666669,454960.0,119.94727128921699,65.7
2004-01-01,Hungary,Total,Total,2828000.0,145.43188074585777,10116742.0,97.51242985061046,28.0
2004-01-01,Netherlands,Total,Total,6992000.0,126.91958613178436,16258032.0,109.16871724122372,43.0
2004-01-01,Austria,Total,Total,4109000.0,137.37880307589435,8142573.0,106.51101177294213,50.5
2004-01-01,Poland,Total,Total,11975000.0,227.6336404312322,38190608.0,100.40013509505117,31.4
2004-01-01,Romania,Total,Total,3225300.0,255.3681710213777,21521142.0,92.71800337722054,15.0
2004-01-01,Slovenia,Total,Total,911000.0,157.5394107922278,1996433.0,100.00280508140496,45.6
2004-01-01,Slovakia,Total,Total,1197000.0,93.93805268064828,5371875.0,101.59261284238423,22.3
2004-01-01,Finland,Total,Total,2347000.0,121.04177411036616,5219732.0,104.93224988908172,45.0
2004-01-01,Sweden,Total,Total,4113000.0,114.25,8975670.0,105.26127533836775,45.8
2004-01-01,United Kingdom,Total,Total,27765100.0,133.9885146221407,59793759.0,104.61323773414728,46.4
2004-01-01,Iceland,Total,Total,175000.0,145.83333333333331,290570.0,114.49455247552063,60.2
2004-01-01,Liechtenstein,Total,Total,23940.0,141.74067495559504,34294.0,120.53282721777028,69.8
2004-01-01,Norway,Total,Total,1978000.0,122.6286422814631,4577457.0,108.13445698157102,43.2
2004-01-01,Switzerland,Total,Total,3811000.0,127.67169179229481,7364148.0,110.34332506724004,51.8
2005-01-01,Belgium,Total,Total,4919000.0,127.30331262939958,10445852.0,105.00684474187312,47.1
2005-01-01,Bulgaria,Total,Total,2538000.0,192.7107061503417,7688573.0,87.69593813745337,33.0
2005-01-01,Czechia,Total,Total,3959000.0,164.20572376607217,10198855.0,98.4245764035135,38.8
2005-01-01,Germany,Total,Total,46090000.0,150.20368258106566,82500849.0,104.28251391989751,55.9
2005-01-01,Estonia,Total,Total,493700.0,204.2919094279661,1358850.0,86.51794633767118,36.3
2005-01-01,Ireland,Total,Total,1662000.0,208.34560800688968,4111672.0,117.24286207181697,40.4
2005-01-01,Greece,Total,Total,4303129.0,247.87609447004607,10969912.0,108.38878628484525,39.2
2005-01-01,France,Total,Total,30100000.0,127.81316348195328,62772870.0,108.1742567792966,48.0
2005-01-01,Croatia,Total,Total,1374000.0,172.83018867924528,4310861.0,90.32604331934502,31.9
2005-01-01,Italy,Total,Total,34667000.0,126.44805952728333,57874753.0,102.08202897078297,59.9
2005-01-01,Cyprus,Total,Total,355000.0,198.32402234636874,733067.0,128.01197928945004,48.4
2005-01-01,Latvia,Total,Total,742400.0,223.72429837540722,2249724.0,84.31806426949112,33.0
2005-01-01,Lithuania,Total,Total,1455276.0,295.1998052659337,3355220.0,90.8360920787458,43.4
2005-01-01,Luxembourg,Total,Total,307000.0,159.89583333333331,461230.0,121.6003163722647,66.6
2005-01-01,Hungary,Total,Total,2889000.0,148.56884847057395,10097549.0,97.32743392345104,28.6
2005-01-01,Malta,Total,Total,212720.0,194.92169960872712,402668.0,114.25474562324433,52.8
2005-01-01,Netherlands,Total,Total,7092000.0,128.73479760392087,16305526.0,109.48762786070428,43.5
2005-01-01,Austria,Total,Total,4157000.0,138.98361751922434,8201359.0,107.27997710344445,50.7
2005-01-01,Poland,Total,Total,12339000.0,234.55294273745088,38173835.0,100.35604018391624,32.3
2005-01-01,Romania,Total,Total,3364000.0,266.34996041171814,21382354.0,92.12007292108035,15.7
2005-01-01,Slovenia,Total,Total,960000.0,166.0129905165079,1997590.0,100.0607600668611,48.1
2005-01-01,Slovakia,Total,Total,1303700.0,102.31164517941617,5372685.0,101.6079315190851,24.3
2005-01-01,Finland,Total,Total,2430000.0,125.32233109850439,5236611.0,105.27156835330132,46.4
2005-01-01,Sweden,Total,Total,4154000.0,115.3888888888889,9011392.0,105.68020153302922,46.1
2005-01-01,United Kingdom,Total,Total,28285000.0,136.49744233182128,60182050.0,105.29257918001676,47.0
2005-01-01,Iceland,Total,Total,187000.0,155.83333333333334,293577.0,115.67941367693126,63.7
2005-01-01,Liechtenstein,Total,Total,24390.0,144.404973357016,34600.0,121.6083227892591,70.5
2005-01-01,Norway,Total,Total,2029000.0,125.79045257284562,4606363.0,108.81731093596301,44.0
2005-01-01,Switzerland,Total,Total,3864000.0,129.44723618090453,7415102.0,111.10681240962863,52.1
2006-01-01,Belgium,Total,Total,4976000.0,128.77846790890268,10511382.0,105.66558454940005,47.3
2006-01-01,Bulgaria,Total,Total,1768000.0,134.24449506454062,7629371.0,87.02067955180769,23.2
2006-01-01,Czechia,Total,Total,4109000.0,170.42720862712568,10223577.0,98.66315734008408,40.2
2006-01-01,Denmark,Total,Total,2479000.0,155.91194968553458,5427459.0,105.6869861777319,45.7
2006-01-01,Germany,Total,Total,46570000.0,151.76796480365,82437995.0,104.2030653662236,56.5
2006-01-01,Estonia,Total,Total,554000.0,229.2439088983051,1350700.0,85.99903603656949,41.0
2006-01-01,Ireland,Total,Total,1779000.0,223.0125370904072,4208156.0,119.99406895411138,42.3
2006-01-01,Greece,Total,Total,4543016.0,261.6944700460829,11004716.0,108.73266901771107,41.3
2006-01-01,Spain,Total,Total,21053000.0,175.50016672224075,44009971.0,113.27236988577552,47.8
2006-01-01,France,Total,Total,30400000.0,129.08704883227176,63229635.0,108.96138367659785,48.1
2006-01-01,Croatia,Total,Total,1426000.0,179.37106918238993,4312487.0,90.36011311339249,33.1
2006-01-01,Italy,Total,Total,35297000.0,128.74598774438283,58064214.0,102.41620859641066,60.8
2006-01-01,Cyprus,Total,Total,373000.0,208.3798882681564,744013.0,129.92342684513363,50.1
2006-01-01,Latvia,Total,Total,822010.0,247.71499260178942,2227874.0,83.49914172419737,36.9
2006-01-01,Lithuania,Total,Total,1592238.0,322.9822710860481,3289835.0,89.06591966663309,48.4
2006-01-01,Luxembourg,Total,Total,315000.0,164.0625,469086.0,123.67150013182177,67.2
2006-01-01,Hungary,Total,Total,3214000.0,165.28220110225845,10076581.0,97.12532927067767,31.9
2006-01-01,Malta,Total,Total,217924.0,199.6902804885871,404999.0,114.91615356240956,53.8
2006-01-01,Netherlands,Total,Total,7230000.0,131.23978943546922,16334210.0,109.68023392061038,44.3
2006-01-01,Austria,Total,Total,4205000.0,140.58843196255432,8254298.0,107.97245925279057,50.9
2006-01-01,Poland,Total,Total,13384000.0,254.41742325942477,38157055.0,100.31192687032629,35.1
2006-01-01,Romania,Total,Total,3221000.0,255.027711797308,21257016.0,91.58008814205265,15.2
2006-01-01,Slovenia,Total,Total,980000.0,169.47159448560183,2003358.0,100.34968345157252,48.9
2006-01-01,Slovakia,Total,Total,1333700.0,104.66598233933217,5372928.0,101.61252712209534,24.8
2006-01-01,Finland,Total,Total,2506000.0,129.24187725631768,5255580.0,105.65290207850904,47.7
2006-01-01,Sweden,Total,Total,4202000.0,116.72222222222221,9047752.0,106.10660980910257,46.4
2006-01-01,Liechtenstein,Total,Total,24290.0,143.8129070455891,34905.0,122.68030366933785,69.6
2006-01-01,Norway,Total,Total,2084000.0,129.20024798512088,4640219.0,109.61710002749747,44.9
2006-01-01,Switzerland,Total,Total,3900000.0,130.6532663316583,7459128.0,111.7664916052953,52.3
2007-01-01,Belgium,Total,Total,5049000.0,130.66770186335404,10584534.0,106.40094445173808,47.7
2007-01-01,Bulgaria,Total,Total,2082000.0,158.0865603644647,7572673.0,86.37398161442486,27.5
2007-01-01,Czechia,Total,Total,4280000.0,177.5197013687267,10254233.0,98.95900464982877,41.7
2007-01-01,Denmark,Total,Total,2554000.0,160.62893081761007,5447084.0,106.06913684966474,46.9
2007-01-01,Estonia,Total,Total,523800.0,216.74721927966104,1342920.0,85.50368362643806,39.0
2007-01-01,Ireland,Total,Total,1883000.0,236.04980738686723,4340118.0,123.75691836542657,43.4
2007-01-01,Greece,Total,Total,4798530.0,276.41301843317973,11036008.0,109.04185125184618,43.5
2007-01-01,Spain,Total,Total,21760000.0,181.39379793264422,44784666.0,115.26627119029264,48.6
2007-01-01,France,Total,Total,30700000.0,130.36093418259023,63645065.0,109.67727943688128,48.2
2007-01-01,Croatia,Total,Total,1510000.0,189.937106918239,4313530.0,90.38196723097644,35.0
2007-01-01,Italy,Total,Total,35680000.0,130.14298220017508,58223744.0,102.69759461082195,61.3
2007-01-01,Cyprus,Total,Total,411000.0,229.60893854748602,757916.0,132.35124114868464,54.2
2007-01-01,Latvia,Total,Total,904870.0,272.68508333910927,2208840.0,82.78576086712091,41.0
2007-01-01,Lithuania,Total,Total,1587903.0,322.10292506795406,3249983.0,87.98700384545828,48.9
2007-01-01,Luxembourg,Total,Total,322000.0,167.70833333333331,476187.0,125.54363300817295,67.6
2007-01-01,Hungary,Total,Total,3262000.0,167.75063472170726,10066158.0,97.02486490612901,32.4
2007-01-01,Malta,Total,Total,224009.0,205.26614802393453,405616.0,115.09122378912124,55.2
2007-01-01,Netherlands,Total,Total,7392000.0,134.18043202033036,16357992.0,109.83992424680918,45.2
2007-01-01,Austria,Total,Total,4246000.0,141.95921096623204,8282984.0,108.34769382345009,51.3
2007-01-01,Poland,Total,Total,14589000.0,277.3233553445718,38125479.0,100.2289160246817,38.3
2007-01-01,Romania,Total,Total,3541000.0,280.36421219319084,21130503.0,91.03504119420656,16.8
2007-01-01,Slovenia,Total,Total,1014000.0,175.3512212330615,2010377.0,100.70127035124128,50.4
2007-01-01,Slovakia,Total,Total,1433900.0,112.52946845345161,5373180.0,101.6172929326245,26.7
2007-01-01,Finland,Total,Total,2570000.0,132.5425477050026,5276955.0,106.08260361134234,48.7
2007-01-01,Sweden,Total,Total,4258000.0,118.27777777777777,9113257.0,106.87481316785346,46.7
2007-01-01,Liechtenstein,Total,Total,24368.0,144.27471876850205,35168.0,123.60466751019261,69.3
2007-01-01,Norway,Total,Total,2155000.0,133.60198388096714,4681134.0,110.5836457115751,46.0
2007-01-01,Switzerland,Total,Total,3956000.0,132.52931323283082,7508739.0,112.50985563055806,52.7
2008-01-01,Belgium,Total,Total,5131000.0,132.78985507246378,10666866.0,107.22858623158409,48.1
2008-01-01,Bulgaria,Total,Total,2366000.0,179.65072133637054,7518002.0,85.75040365868291,31.5
2008-01-01,Czechia,Total,Total,4423000.0,183.45085026959768,10343422.0,99.81972769617593,42.8
2008-01-01,Denmark,Total,Total,2580000.0,162.26415094339623,5475791.0,106.62813808987754,47.1
2008-01-01,Germany,Total,Total,41321000.0,134.66188691543098,82217837.0,103.92478180941345,50.3
2008-01-01,Estonia,Total,Total,551800.0,228.33355402542375,1338440.0,85.21844213577113,41.2
2008-01-01,Ireland,Total,Total,2000500.0,250.77941565450232,4457765.0,127.11158065224394,44.9
2008-01-01,Greece,Total,Total,5023944.0,289.3976958525346,11060937.0,109.28816353341189,45.4
2008-01-01,Spain,Total,Total,22145000.0,184.60320106702235,45668939.0,117.54220312253601,48.5
2008-01-01,Croatia,Total,Total,1551000.0,195.0943396226415,4311967.0,90.34921748429981,36.0
2008-01-01,Italy,Total,Total,36105000.0,131.69317187044064,58652875.0,103.45451469952214,61.6
2008-01-01,Cyprus,Total,Total,444000.0,248.04469273743015,776333.0,135.5673136530721,57.2
2008-01-01,Latvia,Total,Total,932830.0,281.1109068608986,2191810.0,82.1474885125968,42.6
2008-01-01,Lithuania,Total,Total,1671065.0,338.9721692563593,3212605.0,86.9750667892535,52.0
2008-01-01,Luxembourg,Total,Total,328000.0,170.83333333333331,483799.0,127.55048774057474,67.8
2008-01-01,Hungary,Total,Total,3055000.0,157.10551473783434,10045401.0,96.82479402299201,30.4
2008-01-01,Malta,Total,Total,229470.0,210.27022569205815,407832.0,115.72000113497715,56.3
2008-01-01,Netherlands,Total,Total,7542000.0,136.90324922853512,16405399.0,110.15825068252137,46.0
2008-01-01,Austria,Total,Total,4285000.0,143.26312270143765,8307989.0,108.67477813075472,51.6
2008-01-01,Poland,Total,Total,16080000.0,305.6658820988905,38115641.0,100.20305268862101,42.2
2008-01-01,Romania,Total,Total,4027000.0,318.84402216943784,20635460.0,88.90228269347878,19.5
2008-01-01,Slovenia,Total,Total,1045180.0,180.7431848208789,2010269.0,100.69586055138883,52.0
2008-01-01,Slovakia,Total,Total,1544900.0,121.2405159451408,5376064.0,101.67183498645811,28.7
2008-01-01,Finland,Total,Total,2700000.0,139.24703455389377,5300484.0,106.55560699688786,50.9
2008-01-01,Sweden,Total,Total,4279000.0,118.8611111111111,9182927.0,107.69186114898737,46.6
2008-01-01,United Kingdom,Total,Total,28390000.0,137.0041501785542,61571647.0,107.7237734007323,46.1
2008-01-01,Liechtenstein,Total,Total,25460.0,150.7400828892836,35356.0,124.26542949529032,72.0
2008-01-01,Norway,Total,Total,2197000.0,136.20582765034098,4737171.0,111.907422333808,46.4
2008-01-01,Switzerland,Total,Total,3990000.0,133.66834170854273,7593494.0,113.77981225229814,52.5
2009-01-01,Belgium,Total,Total,5193000.0,134.3944099378882,10753080.0,108.09525178577498,48.3
2009-01-01,Bulgaria,Total,Total,2502000.0,189.97722095671983,7467119.0,85.1700316676453,33.5
2009-01-01,Czechia,Total,Total,4435000.0,183.94856905848195,10425783.0,100.61455677622166,42.5
2009-01-01,Germany,Total,Total,41738000.0,136.0208570963011,82002356.0,103.6524100622818,50.9
2009-01-01,Estonia,Total,Total,545600.0,225.76800847457625,1335740.0,85.04653320166382,40.8
2009-01-01,Ireland,Total,Total,1971740.0,247.1741089840582,4521322.0,128.9238858615842,43.6
2009-01-01,Greece,Total,Total,5131960.0,295.61981566820276,11094745.0,109.62220523645544,46.3
2009-01-01,Spain,Total,Total,21984000.0,183.26108702900967,46239273.0,119.0101223767076,47.5
2009-01-01,France,Total,Total,31394000.0,133.30785562632695,64350226.0,110.89245833637634,48.8
2009-01-01,Croatia,Total,Total,1541000.0,193.83647798742138,4309796.0,90.30372823283793,35.8
2009-01-01,Italy,Total,Total,36372000.0,132.66705573387802,59000586.0,104.06782261939283,61.6
2009-01-01,Cyprus,Total,Total,461000.0,257.5418994413408,796930.0,139.16406911665837,57.8
2009-01-01,Latvia,Total,Total,904310.0,272.5163257864554,2162834.0,81.06148852758851,41.8
2009-01-01,Lithuania,Total,Total,1695286.0,343.88535031847135,3183856.0,86.19674321846773,53.2
2009-01-01,Luxembourg,Total,Total,331500.0,172.65625,493500.0,130.1080938571052,67.2
2009-01-01,Hungary,Total,Total,3013720.0,154.9826618251084,10030975.0,96.68574586766444,30.0
2009-01-01,Malta,Total,Total,234341.0,214.73366871008238,410926.0,116.59790596714241,57.0
2009-01-01,Netherlands,Total,Total,7622000.0,138.35541840624433,16485787.0,110.6980364844922,46.2
2009-01-01,Austria,Total,Total,4360000.0,145.77064526914077,8335003.0,109.02814167714654,52.3
2009-01-01,Poland,Total,Total,16495000.0,313.5546470908706,38135876.0,100.2562489282213,43.3
2009-01-01,Romania,Total,Total,4245000.0,336.104513064133,20440290.0,88.06144568217465,20.8
2009-01-01,Slovenia,Total,Total,1058858.0,183.10852407534225,2032362.0,101.80251525638695,52.1
2009-01-01,Slovakia,Total,Total,1589000.0,124.70139157021731,5382401.0,101.79167999170899,29.5
2009-01-01,Finland,Total,Total,2777000.0,143.21815368746778,5326314.0,107.0748673755117,52.1
2009-01-01,Sweden,Total,Total,4299950.0,119.44305555555556,9256347.0,108.55288688136643,46.5
2009-01-01,United Kingdom,Total,Total,28247000.0,136.3140623491941,62042343.0,108.54728798439497,45.5
2009-01-01,Liechtenstein,Total,Total,25910.0,153.40438129070455,35589.0,125.08435259384225,72.8
2009-01-01,Norway,Total,Total,2244000.0,139.11965282083074,4799252.0,113.37397793965485,46.8
2009-01-01,Switzerland,Total,Total,4010000.0,134.33835845896147,7701856.0,115.40349273657633,52.1
2010-01-01,Belgium,Total,Total,5276000.0,136.5424430641822,10839905.0,108.96805941264094,48.7
2010-01-01,Bulgaria,Total,Total,2602000.0,197.57023538344723,7421766.0,84.65273491019136,35.1
2010-01-01,Czechia,Total,Total,4496000.0,186.47863956864373,10462088.0,100.96492005193541,43.0
2010-01-01,Germany,Total,Total,42302000.0,137.8588887078377,81802257.0,103.39948143177938,51.7
2010-01-01,Estonia,Total,Total,552680.0,228.69769597457625,1333290.0,84.89054176145534,41.5
2010-01-01,Ireland,Total,Total,1937130.0,242.83545585943816,4549428.0,129.72531843728348,42.6
2010-01-01,Greece,Total,Total,5216873.0,300.51111751152075,11119289.0,109.86471350548943,46.9
2010-01-01,Spain,Total,Total,22148000.0,184.62820940313438,46486619.0,119.64673873807187,47.6
2010-01-01,France,Total,Total,31657000.0,134.42462845010616,64658856.0,111.42430945087523,49.0
2010-01-01,Croatia,Total,Total,1521000.0,191.32075471698113,4302847.0,90.15812491252066,35.3
2010-01-01,Italy,Total,Total,36751000.0,134.04946016924424,59190143.0,104.4021715740331,62.1
2010-01-01,Cyprus,Total,Total,463000.0,258.659217877095,819140.0,143.04249504500964,56.5
2010-01-01,Latvia,Total,Total,636660.0,191.85925620108668,2120504.0,79.47499006798743,30.0
2010-01-01,Lithuania,Total,Total,1691855.0,343.1893788794677,3141976.0,85.06292321970226,53.8
2010-01-01,Luxembourg,Total,Total,337200.0,175.625,502066.0,132.366464539942,67.2
2010-01-01,Hungary,Total,Total,2984060.0,153.45737555109068,10014324.0,96.52525156332787,29.8
2010-01-01,Malta,Total,Total,240960.0,220.79885642026557,414027.0,117.47779700933518,58.2
2010-01-01,Netherlands,Total,Total,7736000.0,140.42475948447995,16574989.0,111.29700614547895,46.7
2010-01-01,Austria,Total,Total,4441000.0,148.47876964226012,8351643.0,109.24580545933208,53.2
2010-01-01,Poland,Total,Total,17240000.0,327.71640593189505,38022869.0,99.95916232340248,45.3
2010-01-01,Portugal,Total,Total,4692000.0,183.85579937304075,10573479.0,105.7771537500769,44.4
2010-01-01,Romania,Total,Total,4320000.0,342.042755344418,20294683.0,87.43413741397275,21.3
2010-01-01,Slovenia,Total,Total,1061650.0,183.59134518942776,2046976.0,102.5345413216041,51.9
2010-01-01,Slovakia,Total,Total,1669100.0,130.98747178719304,5390410.0,101.94314577158188,31.0
2010-01-01,Finland,Total,Total,2877000.0,148.3754512635379,5351427.0,107.57971390622716,53.8
2010-01-01,Sweden,Total,Total,4334390.0,120.39972222222221,9340682.0,109.54191718836985,46.4
2010-01-01,United Kingdom,Total,Total,28421000.0,137.15374963806582,62510197.0,109.36583029625852,45.5
2010-01-01,Liechtenstein,Total,Total,26890.0,159.20663114268797,35894.0,126.156333473921,74.9
2010-01-01,Norway,Total,Total,2308000.0,143.08741475511468,4858199.0,114.76649824857151,47.5
2010-01-01,Switzerland,Total,Total,4076000.0,136.5494137353434,7785806.0,116.66138735512486,52.4
2011-01-01,Belgium,Total,Total,5407000.0,139.93271221532092,11000638.0,110.583826625875,49.2
2011-01-01,Bulgaria,Total,Total,2695000.0,204.63173880030374,7369431.0,84.0558013930844,36.6
2011-01-01,Czechia,Total,Total,4582000.0,190.0456242223144,10486731.0,101.20273859492987,43.7
2011-01-01,Germany,Total,Total,42928000.0,139.89897343979143,80222065.0,101.40209114751563,53.5
2011-01-01,Estonia,Total,Total,574000.0,237.51986228813558,1329660.0,84.6594197500444,43.2
2011-01-01,Ireland,Total,Total,1962460.0,246.0107833268356,4570881.0,130.33704308847808,42.9
2011-01-01,Greece,Total,Total,5203591.0,299.7460253456221,11123392.0,109.90525341047015,46.8
2011-01-01,Spain,Total,Total,22277000.0,185.703567855952,46667174.0,120.11144917254879,47.7
2011-01-01,France,Total,Total,31754000.0,134.83651804670913,64978721.0,111.97552144173544,48.9
2011-01-01,Croatia,Total,Total,1518000.0,190.9433962264151,4289857.0,89.88594371653261,35.4
2011-01-01,Italy,Total,Total,37113000.0,135.36985701779983,59364690.0,104.7100452320125,62.5
2011-01-01,Cyprus,Total,Total,470000.0,262.5698324022346,839751.0,146.64169526154492,56.0
2011-01-01,Latvia,Total,Total,612320.0,184.52432971609556,2074605.0,77.75472801277294,29.5
2011-01-01,Lithuania,Total,Total,1713277.0,347.5347884295509,3052588.0,82.64291600743752,56.1
2011-01-01,Luxembourg,Total,Total,345600.0,180.0,511840.0,134.94331663590827,67.5
2011-01-01,Hungary,Total,Total,2967810.0,152.62170791950643,9985722.0,96.24956493233667,29.7
2011-01-01,Malta,Total,Total,247174.0,226.4929305147025,414989.0,117.75075901597481,59.6
2011-01-01,Netherlands,Total,Total,7859000.0,142.65746959520783,16655799.0,111.83962557446416,47.2
2011-01-01,Austria,Total,Total,4513000.0,150.8859913072551,8375164.0,109.55347792452352,53.9
2011-01-01,Poland,Total,Total,18125000.0,344.53943489069593,38062718.0,100.0639222419511,47.6
2011-01-01,Portugal,Total,Total,4712000.0,184.63949843260187,10572721.0,105.76957071307058,44.6
2011-01-01,Romania,Total,Total,4335000.0,343.2304038004751,20199059.0,87.02216734496139,21.5
2011-01-01,Slovenia,Total,Total,1066500.0,184.43005665193303,2050189.0,102.69548286721395,52.0
2011-01-01,Slovakia,Total,Total,1749300.0,137.2813997947018,5392446.0,101.98165049474596,32.4
2011-01-01,Finland,Total,Total,2978000.0,153.58432181536875,5375276.0,108.05915025039286,55.4
2011-01-01,Sweden,Total,Total,4400550.0,122.2375,9415570.0,110.42015874443638,46.7
2011-01-01,United Kingdom,Total,Total,28467000.0,137.37573593282502,63022532.0,110.26219513517965,45.2
2011-01-01,Liechtenstein,Total,Total,27327.0,161.79396092362344,36149.0,127.052579783495,75.6
2011-01-01,Norway,Total,Total,2376000.0,147.30316181029139,4920305.0,116.23364443591908,48.3
2011-01-01,Switzerland,Total,Total,4163000.0,139.463986599665,7870134.0,117.92494587082419,52.9
2012-01-01,Belgium,Total,Total,5444000.0,140.8902691511387,11075889.0,111.34028670913779,49.2
2012-01-01,Bulgaria,Total,Total,2807000.0,213.1359149582384,7327224.0,83.57438794211404,38.3
2012-01-01,Czechia,Total,Total,4706000.0,195.18871837411862,10505445.0,101.38333901750822,44.8
2012-01-01,Germany,Total,Total,43431000.0,141.53821085220792,80327900.0,101.53586843580405,54.1
2012-01-01,Estonia,Total,Total,602100.0,249.14757680084745,1325217.0,84.3765340484745,45.4
2012-01-01,Ireland,Total,Total,1951130.0,244.59047301473083,4589287.0,130.86188362033323,42.5
2012-01-01,Greece,Total,Total,5167557.0,297.6703341013825,11086406.0,109.53981131307398,46.6
2012-01-01,Spain,Total,Total,22248000.0,185.46182060686897,46818219.0,120.50020709991476,47.5
2012-01-01,France,Total,Total,32132000.0,136.44161358811039,65276983.0,112.48950575017167,49.2
2012-01-01,Croatia,Total,Total,1445000.0,181.76100628930817,4275984.0,89.59526090421987,33.8
2012-01-01,Italy,Total,Total,37078000.0,135.24219433907209,59394207.0,104.76210861186192,62.4
2012-01-01,Cyprus,Total,Total,475000.0,265.3631284916201,862011.0,150.52885245042827,55.1
2012-01-01,Latvia,Total,Total,618270.0,186.31737871304287,2044813.0,76.63814492492898,30.2
2012-01-01,Lithuania,Total,Total,1753407.0,355.6750780964745,3003641.0,81.31777065214683,58.4
2012-01-01,Luxembourg,Total,Total,355900.0,185.36458333333334,524853.0,138.37411020300553,67.8
2012-01-01,Hungary,Total,Total,2986030.0,153.55868418088886,9931925.0,95.73103078481435,30.1
2012-01-01,Malta,Total,Total,249612.0,228.72694284850317,417546.0,118.47629316460007,59.8
2012-01-01,Netherlands,Total,Total,7916000.0,143.69214013432565,16730348.0,112.34020391639483,47.3
2012-01-01,Austria,Total,Total,4584000.0,153.25977933801406,8408121.0,109.98458040466103,54.5
2012-01-01,Poland,Total,Total,18744000.0,356.30605062572164,38063792.0,100.06674570433465,49.2
2012-01-01,Portugal,Total,Total,4259000.0,166.88871473354232,10542398.0,105.46621922079792,40.4
2012-01-01,Romania,Total,Total,4487000.0,355.2652414885194,20095996.0,86.57814836204373,22.3
2012-01-01,Slovenia,Total,Total,1066030.0,184.3487794586593,2055496.0,102.96131442107377,51.9
2012-01-01,Slovakia,Total,Total,1824200.0,143.15939490395874,5404322.0,102.20624877190548,33.8
2012-01-01,Finland,Total,Total,3037000.0,156.62712738525013,5401267.0,108.58164721132249,56.2
2012-01-01,Sweden,Total,Total,4446349.0,123.50969444444443,9482855.0,111.20923687577833,46.9
2012-01-01,United Kingdom,Total,Total,28722000.0,138.6063121320336,63495088.0,111.08896391502334,45.2
2012-01-01,Liechtenstein,Total,Total,28000.0,165.77856719952635,36475.0,128.19836918318572,76.8
2012-01-01,Norway,Total,Total,2443000.0,151.4569125852449,4985870.0,117.78250347970621,49.0
2012-01-01,Switzerland,Total,Total,4255000.0,142.54606365159128,7954662.0,119.19150115750278,53.5
2013-01-01,Belgium,Total,Total,5493472.0,142.17060041407868,11137974.0,111.96439568136898,49.3
2013-01-01,Bulgaria,Total,Total,2910235.0,220.97456340167048,7284552.0,83.087670696638,40.0
2013-01-01,Czechia,Total,Total,4729185.0,196.1503525508088,10516125.0,101.48640690855967,45.0
2013-01-01,Denmark,Total,Total,2278121.0,143.27805031446542,5602628.0,109.09799005298314,40.7
2013-01-01,Germany,Total,Total,43851000.0,142.9069577969692,80523746.0,101.78342120003265,54.5
2013-01-01,Estonia,Total,Total,628565.0,260.09873212394064,1320174.0,84.05544636154741,47.6
2013-01-01,Ireland,Total,Total,1984550.0,248.779949681151,4609779.0,131.4462056989367,43.1
2013-01-01,Greece,Total,Total,5124208.0,295.1732718894009,11003615.0,108.72179052992563,46.6
2013-01-01,Spain,Total,Total,22025000.0,183.60286762254086,46727890.0,120.26771933255375,47.1
2013-01-01,France,Total,Total,32858000.0,139.52441613588113,65600350.0,113.04675261321857,50.1
2013-01-01,Croatia,Total,Total,1448000.0,182.13836477987422,4262140.0,89.30518573276039,34.0
2013-01-01,Italy,Total,Total,36963000.0,134.82273125182377,59685227.0,105.27542245824806,61.9
2013-01-01,Cyprus,Total,Total,474561.0,265.1178770949721,865878.0,151.20412813997956,54.8
2013-01-01,Latvia,Total,Total,634600.0,191.23846948953855,2023825.0,75.85152952993471,31.4
2013-01-01,Lithuania,Total,Total,1808982.0,366.9483549028358,2971905.0,80.45857983359811,60.9
2013-01-01,Luxembourg,Total,Total,363247.0,189.19114583333334,537039.0,141.586870551015,67.6
2013-01-01,Hungary,Total,Total,3040732.0,156.3717728444532,9908798.0,95.50811613846328,30.7
2013-01-01,Malta,Total,Total,256096.0,234.66842602010428,422509.0,119.88451607411402,60.6
2013-01-01,Netherlands,Total,Total,7932290.0,143.9878380831367,16779575.0,112.67075120795103,47.3
2013-01-01,Austria,Total,Total,4641308.0,155.1757940488131,8451860.0,110.55671959751037,54.9
2013-01-01,Poland,Total,Total,19389446.0,368.57538028599527,38062535.0,100.06344114919861,50.9
2013-01-01,Portugal,Total,Total,4327478.0,169.57202194357365,10487289.0,104.91490842082254,41.3
2013-01-01,Romania,Total,Total,4695660.0,371.78622327790976,20020074.0,86.25105901648737,23.5
2013-01-01,Slovenia,Total,Total,1066795.0,184.48107106047715,2058821.0,103.12786612949358,51.8
2013-01-01,Slovakia,Total,Total,1879800.0,147.5227664403364,5410836.0,102.32944119169471,34.7
2013-01-01,Finland,Total,Total,3105834.0,160.17710159876225,5426674.0,109.09240402277025,57.2
2013-01-01,Sweden,Total,Total,4494661.0,124.85169444444443,9555893.0,112.06578274123058,47.0
2013-01-01,Liechtenstein,Total,Total,28100.0,166.3706335109532,36838.0,129.4742021650499,76.3
2013-01-01,Norway,Total,Total,2500265.0,155.00712957222567,5051275.0,119.32758280188874,49.5
2013-01-01,Switzerland,Total,Total,4321000.0,144.7571189279732,8039060.0,120.45610854304488,53.8
2014-01-01,Belgium,Total,Total,5555499.0,143.77585403726707,11180840.0,112.39530580786752,49.7
2014-01-01,Bulgaria,Total,Total,3013863.0,228.84305239179957,7245677.0,82.64426206995351,41.6
2014-01-01,Czechia,Total,Total,4833386.0,200.4722521775197,10512419.0,101.45064196434275,46.0
2014-01-01,Denmark,Total,Total,2329578.0,146.5143396226415,5627235.0,109.57715344581122,41.4
2014-01-01,Germany,Total,Total,44403000.0,144.70588235294116,80767463.0,102.09148374427406,55.0
2014-01-01,Estonia,Total,Total,652950.0,270.18918829449154,1315819.0,83.77816361782988,49.6
2014-01-01,Ireland,Total,Total,2018310.0,253.0120481927711,4637852.0,132.246697291394,43.5
2014-01-01,Greece,Total,Total,5110873.0,294.4051267281106,10926807.0,107.9628850895751,46.8
2014-01-01,Spain,Total,Total,22029512.0,183.64048016005336,46512199.0,119.71257625524902,47.4
2014-01-01,France,Total,Total,32531000.0,138.13588110403396,66165980.0,114.02148269744244,49.2
2014-01-01,Croatia,Total,Total,1474000.0,185.40880503144655,4246809.0,88.98395325272244,34.7
2014-01-01,Italy,Total,Total,37080753.0,135.25223592063028,60782668.0,107.21113705137513,61.0
2014-01-01,Cyprus,Total,Total,478492.0,267.31396648044694,858000.0,149.82843073054457,55.8
2014-01-01,Latvia,Total,Total,657799.0,198.22955246099744,2001468.0,75.01360498324675,32.9
2014-01-01,Lithuania,Total,Total,1205668.0,244.5673252464603,2943472.0,79.68881135162823,41.0
2014-01-01,Luxembourg,Total,Total,372827.0,194.18072916666665,549680.0,144.9195887160559,67.8
2014-01-01,Hungary,Total,Total,3107695.0,159.81539202068547,9877365.0,95.20514229495771,31.5
2014-01-01,Malta,Total,Total,265950.0,243.69794100668005,429424.0,121.84660783701729,61.9
2014-01-01,Netherlands,Total,Total,7979083.0,144.8372299872935,16829289.0,113.00456858565886,47.4
2014-01-01,Austria,Total,Total,4694921.0,156.96827148110998,8507786.0,111.28827396544953,55.2
2014-01-01,Poland,Total,Total,20003863.0,380.2548774428084,38017856.0,99.94598353669055,52.6
2014-01-01,Portugal,Total,Total,4699645.0,184.155368338558,10427301.0,104.31478807262309,45.1
2014-01-01,Romania,Total,Total,4907564.0,388.56405384006337,19947311.0,85.93757936565208,24.6
2014-01-01,Slovenia,Total,Total,1068362.0,184.75205268145564,2061085.0,103.24127156343717,51.8
2014-01-01,Slovakia,Total,Total,1949100.0,152.96128527974233,5415949.0,102.42613797437545,36.0
2014-01-01,Finland,Total,Total,3172735.0,163.62738525012895,5451270.0,109.58685730471498,58.2
2014-01-01,Sweden,Total,Total,4584711.0,127.35308333333333,9644864.0,113.10918127617336,47.5
2014-01-01,Liechtenstein,Total,Total,28470.0,168.5612788632327,37129.0,130.49697736538732,76.7
2014-01-01,Norway,Total,Total,2555443.0,158.42796032238067,5107970.0,120.66690352922056,50.0
2014-01-01,Switzerland,Total,Total,4384000.0,146.86767169179228,8139631.0,121.96304981382559,53.9
2015-01-01,Belgium,Total,Total,5623579.0,145.53775879917183,11237274.0,112.96260814722316,50.0
2015-01-01,Bulgaria,Total,Total,3162037.0,240.0939255884586,7202198.0,82.14834017465795,43.9
2015-01-01,Czechia,Total,Total,5115316.0,212.16574035669845,10538275.0,101.70016662642387,48.5
2015-01-01,Denmark,Total,Total,2390823.0,150.36622641509433,5659715.0,110.20962497826365,42.2
2015-01-01,Germany,Total,Total,45071000.0,146.88284177937103,81197537.0,102.63510479102942,55.5
2015-01-01,Estonia,Total,Total,676596.0,279.97384798728814,1314870.0,83.71774081098995,51.5
2015-01-01,Ireland,Total,Total,2060170.0,258.25954948709625,4677627.0,133.38086724437335,44.0
2015-01-01,Greece,Total,Total,5107620.0,294.2177419354839,10858018.0,107.28321179595632,47.0
2015-01-01,Spain,Total,Total,22355549.0,186.35836112037344,46449565.0,119.55136956835013,48.1
2015-01-01,France,Total,Total,32326000.0,137.26539278131636,66458153.0,114.52497404849866,48.6
2015-01-01,Croatia,Total,Total,1499802.0,188.65433962264152,4225316.0,88.53360756793634,35.5
2015-01-01,Italy,Total,Total,37351233.0,136.23881310183833,60795612.0,107.23396824657692,61.4
2015-01-01,Cyprus,Total,Total,487692.0,272.45363128491624,847008.0,147.90895041517146,57.6
2015-01-01,Latvia,Total,Total,679048.0,204.63299752589373,1986096.0,74.43747329600396,34.2
2015-01-01,Lithuania,Total,Total,1244063.0,252.35567365816055,2921262.0,79.08751855858665,42.6
2015-01-01,Luxembourg,Total,Total,381103.0,198.49114583333335,562958.0,148.42024782494067,67.7
2015-01-01,Hungary,Total,Total,3196856.0,164.400558894512,9855571.0,94.99507606057472,32.4
2015-01-01,Malta,Total,Total,275380.0,252.33893210911654,439691.0,124.75981045881453,62.6
2015-01-01,Netherlands,Total,Total,8100864.0,147.04781267017609,16900726.0,113.48425060704753,47.9
2015-01-01,Austria,Total,Total,4748048.0,158.74450016716816,8584926.0,112.29732349416297,55.3
2015-01-01,Poland,Total,Total,20723423.0,393.9330454852883,38005614.0,99.91380027179375,54.5
2015-01-01,Portugal,Total,Total,4722963.0,185.0690830721003,10374822.0,103.78978781001791,45.5
2015-01-01,Romania,Total,Total,5155059.0,408.15985748218526,19870647.0,85.6072933143398,25.9
2015-01-01,Slovenia,Total,Total,1078737.0,186.54620349042312,2062874.0,103.33088389617792,52.3
2015-01-01,Slovakia,Total,Total,2034574.0,159.66910575996434,5421349.0,102.52826248571438,37.5
2015-01-01,Finland,Total,Total,3234860.0,166.8313563692625,5471753.0,109.99862696539451,59.1
2015-01-01,Sweden,Total,Total,4668262.0,129.67394444444443,9747355.0,114.31113426360547,47.9
2015-01-01,United Kingdom,Total,Total,30250294.0,145.98153653122284,64853393.0,113.46541065891313,46.6
2015-01-01,Liechtenstein,Total,Total,28802.0,170.52693901716992,37366.0,131.32995922957963,77.1
2015-01-01,Norway,Total,Total,2610000.0,161.81029138251705,5166493.0,122.049407575885,50.5
2015-01-01,Switzerland,Total,Total,4458000.0,149.3467336683417,8237666.0,123.43199202858919,54.1
2016-01-01,Belgium,Total,Total,5712061.0,147.82766563146998,11311117.0,113.70491432160455,50.5
2016-01-01,Bulgaria,Total,Total,3143568.0,238.69157175398632,7153784.0,81.59612962154404,43.9
2016-01-01,Czechia,Total,Total,5307808.0,220.1496474491912,10553843.0,101.8504064136794,50.3
2016-01-01,Denmark,Total,Total,2465538.0,155.06528301886792,5707251.0,111.13527666442926,43.2
2016-01-01,Germany,Total,Total,45803560.0,149.27019716473845,82175684.0,103.87149968125904,55.7
2016-01-01,Estonia,Total,Total,703151.0,290.9622451006356,1315944.0,83.7861223647793,53.4
2016-01-01,Ireland,Total,Total,2102720.0,263.5935480555037,4726286.0,134.76836129194146,44.5
2016-01-01,Greece,Total,Total,5160056.0,297.23824884792623,10783748.0,106.54938319665894,47.9
2016-01-01,Spain,Total,Total,22876830.0,190.7038179393131,46440099.0,119.5270060836903,49.3
2016-01-01,France,Total,Total,32076000.0,136.20382165605096,66638391.0,114.83557179069822,48.1
2016-01-01,Croatia,Total,Total,1552904.0,195.3338364779874,4190669.0,87.80764437337142,37.1
2016-01-01,Italy,Total,Total,37876138.0,138.15340676976948,60665551.0,107.00456094750872,62.4
2016-01-01,Cyprus,Total,Total,508284.0,283.9575418994413,848319.0,148.13788406632264,59.9
2016-01-01,Latvia,Total,Total,664177.0,200.1515804446159,1968957.0,73.79511569857654,33.7
2016-01-01,Lithuania,Total,Total,1298737.0,263.4461844293886,2888558.0,78.20212101227277,45.0
2016-01-01,Luxembourg,Total,Total,390935.0,203.61197916666666,576249.0,151.92433430002637,67.8
2016-01-01,Hungary,Total,Total,3313206.0,170.38393913665507,9830485.0,94.75327916437706,33.7
2016-01-01,Malta,Total,Total,282921.0,259.24897600131953,450415.0,127.80268422098004,62.8
2016-01-01,Netherlands,Total,Total,8222974.0,149.26436739880197,16979120.0,114.01064718563762,48.4
2016-01-01,Austria,Total,Total,4821557.0,161.20217318622534,8700471.0,113.80873946246987,55.4
2016-01-01,Poland,Total,Total,21675388.0,412.0290169686385,37967209.0,99.81283651682222,57.1
2016-01-01,Portugal,Total,Total,4850229.0,190.05599529780562,10341330.0,103.45473362081515,46.9
2016-01-01,Romania,Total,Total,5472423.0,433.287648456057,19760585.0,85.13312103817974,27.7
2016-01-01,Slovenia,Total,Total,1096523.0,189.62194000013835,2064188.0,103.39670312771585,53.1
2016-01-01,Slovakia,Total,Total,2121774.0,166.51237910478685,5426252.0,102.62098775962083,39.1
2016-01-01,Finland,Total,Total,3322672.0,171.36008251676122,5487308.0,110.31132906332304,60.6
2016-01-01,Sweden,Total,Total,4767262.0,132.42394444444446,9851017.0,115.52682003682636,48.4
2016-01-01,United Kingdom,Total,Total,30850440.0,148.87771450632178,65379044.0,114.38507274318171,47.2
2016-01-01,Liechtenstein,Total,Total,29241.0,173.12611012433393,37622.0,132.22972023056377,77.7
2016-01-01,Norway,Total,Total,2662910.0,165.09051456912584,5210721.0,123.094217120438,51.1
2016-01-01,Switzerland,Total,Total,4524000.0,151.55778894472363,8327126.0,124.77244768761659,54.3
2017-01-01,Belgium,Total,Total,5785447.0,149.72688923395447,11351727.0,114.11314602591813,51.0
2017-01-01,Bulgaria,Total,Total,2770615.0,210.37319665907367,7101859.0,81.00387256840983,39.0
2017-01-01,Czechia,Total,Total,5538222.0,229.70642886768977,10578820.0,102.0914482409071,52.4
2017-01-01,Denmark,Total,Total,2530047.0,159.12245283018868,5748769.0,111.9437419687507,44.0
2017-01-01,Germany,Total,Total,46474594.0,151.45704415838358,82521653.0,104.30881053921581,56.3
2017-01-01,Estonia,Total,Total,725944.0,300.3939353813559,1315635.0,83.76644834232036,55.2
2017-01-01,Ireland,Total,Total,2142390.0,268.5665145233938,4784383.0,136.42497654670555,44.8
2017-01-01,Greece,Total,Total,5235928.0,301.60875576036864,10768193.0,106.39569120982617,48.6
2017-01-01,Spain,Total,Total,23500401.0,195.90197565855286,46528024.0,119.75330646280682,50.5
2017-01-01,France,Total,Total,32005986.0,135.90652229299363,66809816.0,115.13098240309161,47.9
2017-01-01,Croatia,Total,Total,1596087.0,200.76566037735847,4154213.0,87.04377696144373,38.4
2017-01-01,Cyprus,Total,Total,526617.0,294.19944134078213,854802.0,149.26997930691255,61.6
2017-01-01,Latvia,Total,Total,689536.0,207.79358540488252,1950116.0,73.0889683449894,35.4
2017-01-01,Lithuania,Total,Total,1356987.0,275.2620795975496,2847904.0,77.10149259226772,47.6
2017-01-01,Luxembourg,Total,Total,403282.0,210.04270833333334,590667.0,155.72554706037437,68.3
2017-01-01,Hungary,Total,Total,3471997.0,178.5498775296945,9797561.0,94.4359339913558,35.4
2017-01-01,Malta,Total,Total,291664.0,267.2604484518606,460297.0,130.6066452912635,63.4
2017-01-01,Netherlands,Total,Total,8373244.0,151.9920856779815,17081507.0,114.69815090393374,49.0
2017-01-01,Austria,Total,Total,4898578.0,163.77726512871948,8772865.0,114.75570772253833,55.8
2017-01-01,Poland,Total,Total,22503579.0,427.77215954086245,37972964.0,99.82796596376562,59.3
2017-01-01,Portugal,Total,Total,5059472.0,198.2551724137931,10309573.0,103.13703638307142,49.1
2017-01-01,Romania,Total,Total,5998194.0,474.91638954869353,19643949.0,84.63062646600947,30.5
2017-01-01,Slovenia,Total,Total,1117935.0,193.3247214094503,2065895.0,103.48220801982792,54.1
2017-01-01,Slovakia,Total,Total,2223117.0,174.46556546469907,5435343.0,102.79291626565461,40.9
2017-01-01,Finland,Total,Total,3398937.0,175.29329551315112,5503297.0,110.63275586138019,61.8
2017-01-01,Sweden,Total,Total,4844823.0,134.57841666666667,9995153.0,117.21716061108668,48.5
2017-01-01,United Kingdom,Total,Total,31200182.0,150.565495608532,65844142.0,115.19879324608029,47.4
2017-01-01,Liechtenstein,Total,Total,29675.0,175.69567791592658,37810.0,132.89048221566148,78.5
2017-01-01,Norway,Total,Total,2719396.0,168.59243645381275,5258317.0,124.21858980476792,51.7
2017-01-01,Switzerland,Total,Total,4570800.0,153.12562814070353,8419550.0,126.15731549255678,54.3
2018-01-01,Belgium,Total,Total,5853782.0,151.4953933747412,11398589.0,114.58422591086132,51.4
2018-01-01,Bulgaria,Total,Total,2773325.0,210.57896735003797,7050034.0,80.41275611624458,39.3
2018-01-01,Czechia,Total,Total,5747913.0,238.4036914143509,10610055.0,102.39288322002619,54.2
2018-01-01,Denmark,Total,Total,2594469.0,163.17415094339623,5781190.0,112.5750646151066,44.9
2018-01-01,Germany,Total,Total,47095784.0,153.4814534788985,82792351.0,104.65097753864983,56.9
2018-01-01,Estonia,Total,Total,746464.0,308.885063559322,1319133.0,83.9891659169527,56.6
2018-01-01,Ireland,Total,Total,2182920.0,273.64728918796607,4830392.0,137.73690678848124,45.2
2018-01-01,Spain,Total,Total,24074151.0,200.68481993998,46658447.0,120.0889877178027,51.6
2018-01-01,France,Total,Total,32034000.0,136.02547770700636,66918941.0,115.31903363877736,47.9
2018-01-01,Croatia,Total,Total,1666413.0,209.61169811320755,4105493.0,86.02294032799196,40.6
2018-01-01,Italy,Total,Total,39018170.0,142.31897432156404,60483973.0,106.6842857031987,64.5
2018-01-01,Cyprus,Total,Total,550695.0,307.6508379888268,864236.0,150.91739354410595,63.7
2018-01-01,Latvia,Total,Total,707841.0,213.30984790725566,1934379.0,72.49915671591445,36.6
2018-01-01,Lithuania,Total,Total,1430520.0,290.1781005314617,2808901.0,76.04556180401916,50.9
2018-01-01,Luxembourg,Total,Total,415145.0,216.22135416666666,602005.0,158.71473767466387,69.0
2018-01-01,Hungary,Total,Total,3641823.0,187.28329852670512,9778371.0,94.25096698035233,37.2
2018-01-01,Malta,Total,Total,300140.0,275.02726081498383,475701.0,134.97744232897313,63.1
2018-01-01,Netherlands,Total,Total,8530584.0,154.84813940824108,17181084.0,115.36678615798719,49.7
2018-01-01,Austria,Total,Total,4978852.0,166.4611166833835,8822267.0,115.4019232374139,56.4
2018-01-01,Poland,Total,Total,23429016.0,445.36385835503853,37976687.0,99.83775344091076,61.7
2018-01-01,Portugal,Total,Total,5282970.0,207.01293103448276,10291027.0,102.95150207658168,51.3
2018-01-01,Romania,Total,Total,6452536.0,510.88962787015043,19530631.0,84.14242659693655,33.0
2018-01-01,Slovenia,Total,Total,1143150.0,197.68515636348545,2066880.0,103.53154739811168,55.3
2018-01-01,Slovakia,Total,Total,2321608.0,182.19493283860862,5443120.0,102.93999447392923,42.7
2018-01-01,Finland,Total,Total,3470507.0,178.9843733883445,5513130.0,110.83042861798135,62.9
2018-01-01,Sweden,Total,Total,4869979.0,135.27719444444443,10120242.0,118.68412939122244,48.1
2018-01-01,United Kingdom,Total,Total,31517597.0,152.09727342920567,66273576.0,115.95011716155992,47.6
2018-01-01,Liechtenstein,Total,Total,29949.0,177.31793960923622,38114.0,133.9589484043301,78.6
2018-01-01,Norway,Total,Total,2751949.0,170.61060136391816,5295619.0,125.09978465036158,52.0
2018-01-01,Switzerland,Total,Total,4602700.0,154.19430485762143,8484130.0,127.12497284176301,54.3
